Workbook
Name agent: '[1]Raw Data'!$H:$H
Name Agent_ID: 'Required Data'!$G:$G
Name Bucket: 'Required Data'!$AC:$AC
Name Busniss_Critical: 'Required Data'!$N:$N
Name Busniss_Critical_Percentage: 'Required Data'!$O:$O
Name Call_date: 'Required Data'!$AA:$AA
Name Call_day: '[2]Required Data'!$B:$B
Name Call_day: 'Required Data'!$B:$B
Name CallHour: '[2]Required Data'!$AD:$AD
Name CallHour: 'Required Data'!$AD:$AD
Name CallWeek: 'Required Data'!$U:$U
Name Compliance_Critical: 'Required Data'!$P:$P
Name Compliance_Critical_Percentage: 'Required Data'!$Q:$Q
Name Critical_counter: 'Required Data'!$Y:$Y
Name d: #REF!
Name d: #REF!
Name DEP: 'Required Data'!$V:$V
Name ECF: '[1]Raw Data'!$AR:$AR
Name End_User_Crirical: '[2]Required Data'!$L:$L
Name End_User_Crirical: 'Required Data'!$L:$L
Name End_User_Crirical_Percentage: '[2]Required Data'!$M:$M
Name End_User_Crirical_Percentage: 'Required Data'!$M:$M
Name Evaluation_Week: 'Required Data'!$W:$W
Name Evaluator_Name: 'Required Data'!$H:$H
Name HC: [3]Sheet4!$A$1:$G$276
Name Label: INDEX(#REF!,MATCH(#REF!,#REF!,0))
Name Label: INDEX(#REF!,MATCH(#REF!,#REF!,0))
Name Label: INDEX(#REF!,MATCH(#REF!,#REF!,0))
Name Label: INDEX(#REF!,MATCH(#REF!,#REF!,0))
Name Label: INDEX(#REF!,MATCH(#REF!,#REF!,0))
Name Label: INDEX(#REF!,MATCH(#REF!,#REF!,0))
Name Label: INDEX(#REF!,MATCH(#REF!,#REF!,0))
Name Label: INDEX(#REF!,MATCH(#REF!,#REF!,0))
Name Non_Critical: '[2]Required Data'!$R:$R
Name Non_Critical: 'Required Data'!$R:$R
Name Non_Critical_Percentage: '[2]Required Data'!$S:$S
Name Non_Critical_Percentage: 'Required Data'!$S:$S
Name OnTime: [4]Sheet4!$E$12:$E$13
Name p: #REF!
Name p: #REF!
Name p: #REF!
Name p: #REF!
Name p: #REF!
Name p: #REF!
Name p: #REF!
Name p: #REF!
Name ParetoBaseCell: #REF!
Name ParetoBaseCell: #REF!
Name ParetoBaseCell: #REF!
Name ParetoBaseCell: #REF!
Name ParetoBaseCell: #REF!
Name ParetoBaseCell: #REF!
Name ParetoBaseCell: #REF!
Name ParetoBaseCell: #REF!
Name Process_Type: '[1]Raw Data'!$G:$G
Name q: #REF!
Name q: #REF!
Name q: #REF!
Name q: #REF!
Name q: #REF!

Sheet Main page

Sheet Active List
A1: Agent Name | B1: Login | C1: TL | D1: Status | E1: Certification date
A2: Ahmed Ramadan Metwally Ali | B2: 33271 | C2: mahmoud_hhamed | D2: Dismissed | E2: 45692
A3: Kerolos Adel | B3: 33281 | C3: omnia_ahelmy | D3: Dismissed | E3: 45723
A4: Ahmed Sayed Farouk Mohamed | B4: 31926 | C4: mahmoud_hhamed | D4: Dismissed | E4: 45727.675
A5: Ziad Mohamed sayd ahmed | B5: 32461 | C5: mahmoud_hhamed | D5: Dismissed | E5: 45694
A6: Julie Hany Soliman Zaky | B6: 31927 | C6: omnia_ahelmy | D6: Dismissed | E6: 45694
A7: Seif Eldeen Mohamed Mostafa Bakry | B7: 32698 | C7: omnia_ahelmy | D7: Dismissed | E7: 45761
A8: Youssif Momen Soliman Altweal | B8: 32762 | C8: mahmoud_hhamed | D8: Dismissed | E8: 45818
A9: Kareem Magdy | B9: 33277 | C9: mahmoud_hhamed | D9: IB | E9: 45692
A10: Mariam Wael Farouk | B10: 32699 | C10: omnia_ahelmy | D10: IB | E10: 45694
A11: AyaTullah Abdelkhalek ElSayed | B11: 32764 | C11: mahmoud_hhamed | D11: IB | E11: 45820
A12: Wafaa Ali Elorabi M | B12: 31144 | C12: omnia_ahelmy | D12: IB | E12: 45862
A13: Shahd Ashraf Muhamed Saber | B13: 32462 | C13: omnia_ahelmy | D13: IB | E13: 45887
... A31: Salma mohamed aly | B31: 32962 | C31: mahmoud_hhamed | D31: IB | E31: 46132

Sheet Required Data
A1: Call Id | B1: Call day | C1: Call Month | D1: Call Year | E1: Time | F1: Queue | G1: Agent ID | H1: Evaluator Name | I1: Evaluation day | J1: TargeType | K1: Result | L1: End-User Crirical | M1: End-User Crirical_Percentage | N1: Busniss Critical | O1: Busniss Critical_Percentage | P1: Compliance Critical | Q1: Compliance Critical_Percentage | R1: Non Critical | S1: Non Critical_Percentage | T1: EvaluationDate-CallDate | U1: Call Week | V1: DEP | W1: Evaluation Week | X1: TL | Y1: Critical counter | Z1: Shift | AA1: Call date | AB1: Weekday | AC1: Bucket | AD1: CallHour | AE1: Target Type Group
A2: =IF('QMS Data'!A2<>"",'QMS Data'!A2,"") -> 514010093 | B2: =IFERROR(VLOOKUP($A2,'QMS Data'!$A:$BD,MATCH(B$1,'QMS Data'!$1:$1,0),FALSE),"") -> 1 | C2: =IFERROR(VLOOKUP($A2,'QMS Data'!$A:$BD,MATCH(C$1,'QMS Data'!$1:$1,0),FALSE),"") -> 6 | D2: =IFERROR(VLOOKUP($A2,'QMS Data'!$A:$BD,MATCH(D$1,'QMS Data'!$1:$1,0),FALSE),"") -> 2026 | E2: =IFERROR(VLOOKUP($A2,'QMS Data'!$A:$BD,MATCH(E$1,'QMS Data'!$1:$1,0),FALSE),"") -> 0.53327546 | F2: =IFERROR(VLOOKUP($A2,'QMS Data'!$A:$BD,MATCH(F$1,'QMS Data'!$1:$1,0),FALSE),"") -> Tatweer Misr | G2: =IFERROR(VLOOKUP($A2,'QMS Data'!$A:$BD,MATCH(G$1,'QMS Data'!$1:$1,0),FALSE),"") -> 32462 | H2: =IFERROR(VLOOKUP($A2,'QMS Data'!$A:$BD,MATCH(H$1,'QMS Data'!$1:$1,0),FALSE),"") -> Omnia_A Helmy | I2: =IFERROR(VLOOKUP($A2,'QMS Data'!$A:$BD,MATCH(I$1,'QMS Data'!$1:$1,0),FALSE),"") -> 1 | ... S2: =IFERROR(VLOOKUP($A2,'QMS Data'!$A:$BD,MATCH(S$1,'QMS Data'!$1:$1,0),FALSE),"") -> 1 | T2: =IFERROR(I2-B2,"") -> 0 | U2: =IF(B2<>"",IF(B2>22,"W4",IF(B2>16,"W3",IF(B2>9,"W2",IF(B2>0,"W1",0)))),"") -> W1 | V2: =IFERROR(VLOOKUP('Required Data'!$H2,Evaluators!A:B,2,FALSE),"") -> Operation | W2: =IF(I2<>"",IF(I2>22,"W4",IF(I2>15,"W3",IF(I2>8,"W2",IF(I2>1,"W1",IF(I2=1,"W4",""))))),"") -> W4 | X2: =IFERROR(VLOOKUP(G2,'Active List'!B:D,2,FALSE),"") -> omnia_ahelmy | Y2: =IFERROR(SUM('Required Data'!$L2+'Required Data'!$N2+'Required Data'!$P2),"") -> 0 | Z2: =IFERROR(IF(HOUR(E2)<8,"Overnight",IF(HOUR(E2)<12,"Mornning",IF(HOUR(E2)<16,"Between",IF(HOUR(E2)<20,"Half Night","Night")))),"") -> Between | AA2: =IFERROR(DATE(Table1[[#This Row],[Call Year]],Table1[[#This Row],[Call Month]],Table1[[#This Row],[Call day]]),"") -> 46174 | AB2: =TEXT(Table1[[#This Row],[Call date]],"DDDD") -> Monday | AC2: =IFERROR(IF(Table1[[#This Row],[Call date]]-VLOOKUP(Table1[[#This Row],[Agent ID]],'Active List'!B:E,4,FALSE)>60,"old",IF(Table1[[#This Row],[Call date]]-VLOOKUP(Table1[[#This Row],[Agent ID]],'Active List'!B:E,4,FALSE)>30,"Bucket 2",IF(Table1[[#This Row],[Call date]]-VLOOKUP(Table1[[#This Row],[Agent ID]],'Active List'!B:E,4,FALSE)>0,"Bucket 1",""))),"") -> old | AD2: =IFERROR(HOUR(Table1[[#This Row],[Time]]),"") -> 12 | AE2: =IFERROR(VLOOKUP(J2,DV!A:B,2,FALSE),J2) -> Agent Level
A3: =IF('QMS Data'!A3<>"",'QMS Data'!A3,"") -> 515267273 | B3: =IFERROR(VLOOKUP($A3,'QMS Data'!$A:$BD,MATCH(B$1,'QMS Data'!$1:$1,0),FALSE),"") -> 14 | C3: =IFERROR(VLOOKUP($A3,'QMS Data'!$A:$BD,MATCH(C$1,'QMS Data'!$1:$1,0),FALSE),"") -> 6 | D3: =IFERROR(VLOOKUP($A3,'QMS Data'!$A:$BD,MATCH(D$1,'QMS Data'!$1:$1,0),FALSE),"") -> 2026 | E3: =IFERROR(VLOOKUP($A3,'QMS Data'!$A:$BD,MATCH(E$1,'QMS Data'!$1:$1,0),FALSE),"") -> 0.59328704 | F3: =IFERROR(VLOOKUP($A3,'QMS Data'!$A:$BD,MATCH(F$1,'QMS Data'!$1:$1,0),FALSE),"") -> Tatweer Misr | G3: =IFERROR(VLOOKUP($A3,'QMS Data'!$A:$BD,MATCH(G$1,'QMS Data'!$1:$1,0),FALSE),"") -> 32755 | H3: =IFERROR(VLOOKUP($A3,'QMS Data'!$A:$BD,MATCH(H$1,'QMS Data'!$1:$1,0),FALSE),"") -> Silvia_ANaguib | I3: =IFERROR(VLOOKUP($A3,'QMS Data'!$A:$BD,MATCH(I$1,'QMS Data'!$1:$1,0),FALSE),"") -> 15 | ... S3: =IFERROR(VLOOKUP($A3,'QMS Data'!$A:$BD,MATCH(S$1,'QMS Data'!$1:$1,0),FALSE),"") -> 1 | T3: =IFERROR(I3-B3,"") -> 1 | U3: =IF(B3<>"",IF(B3>22,"W4",IF(B3>16,"W3",IF(B3>9,"W2",IF(B3>0,"W1",0)))),"") -> W2 | V3: =IFERROR(VLOOKUP('Required Data'!$H3,Evaluators!A:B,2,FALSE),"") -> Quality | W3: =IF(I3<>"",IF(I3>22,"W4",IF(I3>15,"W3",IF(I3>8,"W2",IF(I3>1,"W1",IF(I3=1,"W4",""))))),"") -> W2 | X3: =IFERROR(VLOOKUP(G3,'Active List'!B:D,2,FALSE),"") | Y3: =IFERROR(SUM('Required Data'!$L3+'Required Data'!$N3+'Required Data'!$P3),"") -> 0 | Z3: =IFERROR(IF(HOUR(E3)<8,"Overnight",IF(HOUR(E3)<12,"Mornning",IF(HOUR(E3)<16,"Between",IF(HOUR(E3)<20,"Half Night","Night")))),"") -> Between | AA3: =IFERROR(DATE(Table1[[#This Row],[Call Year]],Table1[[#This Row],[Call Month]],Table1[[#This Row],[Call day]]),"") -> 46187 | AB3: =TEXT(Table1[[#This Row],[Call date]],"DDDD") -> Sunday | AC3: =IFERROR(IF(Table1[[#This Row],[Call date]]-VLOOKUP(Table1[[#This Row],[Agent ID]],'Active List'!B:E,4,FALSE)>60,"old",IF(Table1[[#This Row],[Call date]]-VLOOKUP(Table1[[#This Row],[Agent ID]],'Active List'!B:E,4,FALSE)>30,"Bucket 2",IF(Table1[[#This Row],[Call date]]-VLOOKUP(Table1[[#This Row],[Agent ID]],'Active List'!B:E,4,FALSE)>0,"Bucket 1",""))),"") | AD3: =IFERROR(HOUR(Table1[[#This Row],[Time]]),"") -> 14 | AE3: =IFERROR(VLOOKUP(J3,DV!A:B,2,FALSE),J3) -> Agent Level
A4: =IF('QMS Data'!A4<>"",'QMS Data'!A4,"") -> 515278813 | B4: =IFERROR(VLOOKUP($A4,'QMS Data'!$A:$BD,MATCH(B$1,'QMS Data'!$1:$1,0),FALSE),"") -> 14 | C4: =IFERROR(VLOOKUP($A4,'QMS Data'!$A:$BD,MATCH(C$1,'QMS Data'!$1:$1,0),FALSE),"") -> 6 | D4: =IFERROR(VLOOKUP($A4,'QMS Data'!$A:$BD,MATCH(D$1,'QMS Data'!$1:$1,0),FALSE),"") -> 2026 | E4: =IFERROR(VLOOKUP($A4,'QMS Data'!$A:$BD,MATCH(E$1,'QMS Data'!$1:$1,0),FALSE),"") -> 0.63731481 | F4: =IFERROR(VLOOKUP($A4,'QMS Data'!$A:$BD,MATCH(F$1,'QMS Data'!$1:$1,0),FALSE),"") -> Tatweer Misr | G4: =IFERROR(VLOOKUP($A4,'QMS Data'!$A:$BD,MATCH(G$1,'QMS Data'!$1:$1,0),FALSE),"") -> 32755 | H4: =IFERROR(VLOOKUP($A4,'QMS Data'!$A:$BD,MATCH(H$1,'QMS Data'!$1:$1,0),FALSE),"") -> Silvia_ANaguib | I4: =IFERROR(VLOOKUP($A4,'QMS Data'!$A:$BD,MATCH(I$1,'QMS Data'!$1:$1,0),FALSE),"") -> 15 | ... S4: =IFERROR(VLOOKUP($A4,'QMS Data'!$A:$BD,MATCH(S$1,'QMS Data'!$1:$1,0),FALSE),"") -> 1 | T4: =IFERROR(I4-B4,"") -> 1 | U4: =IF(B4<>"",IF(B4>22,"W4",IF(B4>16,"W3",IF(B4>9,"W2",IF(B4>0,"W1",0)))),"") -> W2 | V4: =IFERROR(VLOOKUP('Required Data'!$H4,Evaluators!A:B,2,FALSE),"") -> Quality | W4: =IF(I4<>"",IF(I4>22,"W4",IF(I4>15,"W3",IF(I4>8,"W2",IF(I4>1,"W1",IF(I4=1,"W4",""))))),"") -> W2 | X4: =IFERROR(VLOOKUP(G4,'Active List'!B:D,2,FALSE),"") | Y4: =IFERROR(SUM('Required Data'!$L4+'Required Data'!$N4+'Required Data'!$P4),"") -> 0 | Z4: =IFERROR(IF(HOUR(E4)<8,"Overnight",IF(HOUR(E4)<12,"Mornning",IF(HOUR(E4)<16,"Between",IF(HOUR(E4)<20,"Half Night","Night")))),"") -> Between | AA4: =IFERROR(DATE(Table1[[#This Row],[Call Year]],Table1[[#This Row],[Call Month]],Table1[[#This Row],[Call day]]),"") -> 46187 | AB4: =TEXT(Table1[[#This Row],[Call date]],"DDDD") -> Sunday | AC4: =IFERROR(IF(Table1[[#This Row],[Call date]]-VLOOKUP(Table1[[#This Row],[Agent ID]],'Active List'!B:E,4,FALSE)>60,"old",IF(Table1[[#This Row],[Call date]]-VLOOKUP(Table1[[#This Row],[Agent ID]],'Active List'!B:E,4,FALSE)>30,"Bucket 2",IF(Table1[[#This Row],[Call date]]-VLOOKUP(Table1[[#This Row],[Agent ID]],'Active List'!B:E,4,FALSE)>0,"Bucket 1",""))),"") | AD4: =IFERROR(HOUR(Table1[[#This Row],[Time]]),"") -> 15 | AE4: =IFERROR(VLOOKUP(J4,DV!A:B,2,FALSE),J4) -> Agent Level
A5: =IF('QMS Data'!A5<>"",'QMS Data'!A5,"") -> 515580495 | B5: =IFERROR(VLOOKUP($A5,'QMS Data'!$A:$BD,MATCH(B$1,'QMS Data'!$1:$1,0),FALSE),"") -> 17 | C5: =IFERROR(VLOOKUP($A5,'QMS Data'!$A:$BD,MATCH(C$1,'QMS Data'!$1:$1,0),FALSE),"") -> 6 | D5: =IFERROR(VLOOKUP($A5,'QMS Data'!$A:$BD,MATCH(D$1,'QMS Data'!$1:$1,0),FALSE),"") -> 2026 | E5: =IFERROR(VLOOKUP($A5,'QMS Data'!$A:$BD,MATCH(E$1,'QMS Data'!$1:$1,0),FALSE),"") -> 0.43489583 | F5: =IFERROR(VLOOKUP($A5,'QMS Data'!$A:$BD,MATCH(F$1,'QMS Data'!$1:$1,0),FALSE),"") -> Tatweer Misr | G5: =IFERROR(VLOOKUP($A5,'QMS Data'!$A:$BD,MATCH(G$1,'QMS Data'!$1:$1,0),FALSE),"") -> 32767 | H5: =IFERROR(VLOOKUP($A5,'QMS Data'!$A:$BD,MATCH(H$1,'QMS Data'!$1:$1,0),FALSE),"") -> Silvia_ANaguib | I5: =IFERROR(VLOOKUP($A5,'QMS Data'!$A:$BD,MATCH(I$1,'QMS Data'!$1:$1,0),FALSE),"") -> 18 | ... S5: =IFERROR(VLOOKUP($A5,'QMS Data'!$A:$BD,MATCH(S$1,'QMS Data'!$1:$1,0),FALSE),"") -> 1 | T5: =IFERROR(I5-B5,"") -> 1 | U5: =IF(B5<>"",IF(B5>22,"W4",IF(B5>16,"W3",IF(B5>9,"W2",IF(B5>0,"W1",0)))),"") -> W3 | V5: =IFERROR(VLOOKUP('Required Data'!$H5,Evaluators!A:B,2,FALSE),"") -> Quality | W5: =IF(I5<>"",IF(I5>22,"W4",IF(I5>15,"W3",IF(I5>8,"W2",IF(I5>1,"W1",IF(I5=1,"W4",""))))),"") -> W3 | X5: =IFERROR(VLOOKUP(G5,'Active List'!B:D,2,FALSE),"") | Y5: =IFERROR(SUM('Required Data'!$L5+'Required Data'!$N5+'Required Data'!$P5),"") -> 0 | Z5: =IFERROR(IF(HOUR(E5)<8,"Overnight",IF(HOUR(E5)<12,"Mornning",IF(HOUR(E5)<16,"Between",IF(HOUR(E5)<20,"Half Night","Night")))),"") -> Mornning | AA5: =IFERROR(DATE(Table1[[#This Row],[Call Year]],Table1[[#This Row],[Call Month]],Table1[[#This Row],[Call day]]),"") -> 46190 | AB5: =TEXT(Table1[[#This Row],[Call date]],"DDDD") -> Wednesday | AC5: =IFERROR(IF(Table1[[#This Row],[Call date]]-VLOOKUP(Table1[[#This Row],[Agent ID]],'Active List'!B:E,4,FALSE)>60,"old",IF(Table1[[#This Row],[Call date]]-VLOOKUP(Table1[[#This Row],[Agent ID]],'Active List'!B:E,4,FALSE)>30,"Bucket 2",IF(Table1[[#This Row],[Call date]]-VLOOKUP(Table1[[#This Row],[Agent ID]],'Active List'!B:E,4,FALSE)>0,"Bucket 1",""))),"") | AD5: =IFERROR(HOUR(Table1[[#This Row],[Time]]),"") -> 10 | AE5: =IFERROR(VLOOKUP(J5,DV!A:B,2,FALSE),J5) -> Agent Level
A6: =IF('QMS Data'!A6<>"",'QMS Data'!A6,"") -> 515013664 | B6: =IFERROR(VLOOKUP($A6,'QMS Data'!$A:$BD,MATCH(B$1,'QMS Data'!$1:$1,0),FALSE),"") -> 11 | C6: =IFERROR(VLOOKUP($A6,'QMS Data'!$A:$BD,MATCH(C$1,'QMS Data'!$1:$1,0),FALSE),"") -> 6 | D6: =IFERROR(VLOOKUP($A6,'QMS Data'!$A:$BD,MATCH(D$1,'QMS Data'!$1:$1,0),FALSE),"") -> 2026 | E6: =IFERROR(VLOOKUP($A6,'QMS Data'!$A:$BD,MATCH(E$1,'QMS Data'!$1:$1,0),FALSE),"") -> 0.62005787 | F6: =IFERROR(VLOOKUP($A6,'QMS Data'!$A:$BD,MATCH(F$1,'QMS Data'!$1:$1,0),FALSE),"") -> Tatweer Misr | G6: =IFERROR(VLOOKUP($A6,'QMS Data'!$A:$BD,MATCH(G$1,'QMS Data'!$1:$1,0),FALSE),"") -> 33277 | H6: =IFERROR(VLOOKUP($A6,'QMS Data'!$A:$BD,MATCH(H$1,'QMS Data'!$1:$1,0),FALSE),"") -> Silvia_ANaguib | I6: =IFERROR(VLOOKUP($A6,'QMS Data'!$A:$BD,MATCH(I$1,'QMS Data'!$1:$1,0),FALSE),"") -> 12 | ... S6: =IFERROR(VLOOKUP($A6,'QMS Data'!$A:$BD,MATCH(S$1,'QMS Data'!$1:$1,0),FALSE),"") -> 0.875 | T6: =IFERROR(I6-B6,"") -> 1 | U6: =IF(B6<>"",IF(B6>22,"W4",IF(B6>16,"W3",IF(B6>9,"W2",IF(B6>0,"W1",0)))),"") -> W2 | V6: =IFERROR(VLOOKUP('Required Data'!$H6,Evaluators!A:B,2,FALSE),"") -> Quality | W6: =IF(I6<>"",IF(I6>22,"W4",IF(I6>15,"W3",IF(I6>8,"W2",IF(I6>1,"W1",IF(I6=1,"W4",""))))),"") -> W2 | X6: =IFERROR(VLOOKUP(G6,'Active List'!B:D,2,FALSE),"") -> mahmoud_hhamed | Y6: =IFERROR(SUM('Required Data'!$L6+'Required Data'!$N6+'Required Data'!$P6),"") -> 0 | Z6: =IFERROR(IF(HOUR(E6)<8,"Overnight",IF(HOUR(E6)<12,"Mornning",IF(HOUR(E6)<16,"Between",IF(HOUR(E6)<20,"Half Night","Night")))),"") -> Between | AA6: =IFERROR(DATE(Table1[[#This Row],[Call Year]],Table1[[#This Row],[Call Month]],Table1[[#This Row],[Call day]]),"") -> 46184 | AB6: =TEXT(Table1[[#This Row],[Call date]],"DDDD") -> Thursday | AC6: =IFERROR(IF(Table1[[#This Row],[Call date]]-VLOOKUP(Table1[[#This Row],[Agent ID]],'Active List'!B:E,4,FALSE)>60,"old",IF(Table1[[#This Row],[Call date]]-VLOOKUP(Table1[[#This Row],[Agent ID]],'Active List'!B:E,4,FALSE)>30,"Bucket 2",IF(Table1[[#This Row],[Call date]]-VLOOKUP(Table1[[#This Row],[Agent ID]],'Active List'!B:E,4,FALSE)>0,"Bucket 1",""))),"") -> old | AD6: =IFERROR(HOUR(Table1[[#This Row],[Time]]),"") -> 14 | AE6: =IFERROR(VLOOKUP(J6,DV!A:B,2,FALSE),J6) -> Agent Level
A7: =IF('QMS Data'!A7<>"",'QMS Data'!A7,"") -> 515288065 | B7: =IFERROR(VLOOKUP($A7,'QMS Data'!$A:$BD,MATCH(B$1,'QMS Data'!$1:$1,0),FALSE),"") -> 14 | C7: =IFERROR(VLOOKUP($A7,'QMS Data'!$A:$BD,MATCH(C$1,'QMS Data'!$1:$1,0),FALSE),"") -> 6 | D7: =IFERROR(VLOOKUP($A7,'QMS Data'!$A:$BD,MATCH(D$1,'QMS Data'!$1:$1,0),FALSE),"") -> 2026 | E7: =IFERROR(VLOOKUP($A7,'QMS Data'!$A:$BD,MATCH(E$1,'QMS Data'!$1:$1,0),FALSE),"") -> 0.67179398 | F7: =IFERROR(VLOOKUP($A7,'QMS Data'!$A:$BD,MATCH(F$1,'QMS Data'!$1:$1,0),FALSE),"") -> Tatweer Misr | G7: =IFERROR(VLOOKUP($A7,'QMS Data'!$A:$BD,MATCH(G$1,'QMS Data'!$1:$1,0),FALSE),"") -> 33271 | H7: =IFERROR(VLOOKUP($A7,'QMS Data'!$A:$BD,MATCH(H$1,'QMS Data'!$1:$1,0),FALSE),"") -> Silvia_ANaguib | I7: =IFERROR(VLOOKUP($A7,'QMS Data'!$A:$BD,MATCH(I$1,'QMS Data'!$1:$1,0),FALSE),"") -> 15 | ... S7: =IFERROR(VLOOKUP($A7,'QMS Data'!$A:$BD,MATCH(S$1,'QMS Data'!$1:$1,0),FALSE),"") -> 1 | T7: =IFERROR(I7-B7,"") -> 1 | U7: =IF(B7<>"",IF(B7>22,"W4",IF(B7>16,"W3",IF(B7>9,"W2",IF(B7>0,"W1",0)))),"") -> W2 | V7: =IFERROR(VLOOKUP('Required Data'!$H7,Evaluators!A:B,2,FALSE),"") -> Quality | W7: =IF(I7<>"",IF(I7>22,"W4",IF(I7>15,"W3",IF(I7>8,"W2",IF(I7>1,"W1",IF(I7=1,"W4",""))))),"") -> W2 | X7: =IFERROR(VLOOKUP(G7,'Active List'!B:D,2,FALSE),"") -> mahmoud_hhamed | Y7: =IFERROR(SUM('Required Data'!$L7+'Required Data'!$N7+'Required Data'!$P7),"") -> 0 | Z7: =IFERROR(IF(HOUR(E7)<8,"Overnight",IF(HOUR(E7)<12,"Mornning",IF(HOUR(E7)<16,"Between",IF(HOUR(E7)<20,"Half Night","Night")))),"") -> Half Night | AA7: =IFERROR(DATE(Table1[[#This Row],[Call Year]],Table1[[#This Row],[Call Month]],Table1[[#This Row],[Call day]]),"") -> 46187 | AB7: =TEXT(Table1[[#This Row],[Call date]],"DDDD") -> Sunday | AC7: =IFERROR(IF(Table1[[#This Row],[Call date]]-VLOOKUP(Table1[[#This Row],[Agent ID]],'Active List'!B:E,4,FALSE)>60,"old",IF(Table1[[#This Row],[Call date]]-VLOOKUP(Table1[[#This Row],[Agent ID]],'Active List'!B:E,4,FALSE)>30,"Bucket 2",IF(Table1[[#This Row],[Call date]]-VLOOKUP(Table1[[#This Row],[Agent ID]],'Active List'!B:E,4,FALSE)>0,"Bucket 1",""))),"") -> old | AD7: =IFERROR(HOUR(Table1[[#This Row],[Time]]),"") -> 16 | AE7: =IFERROR(VLOOKUP(J7,DV!A:B,2,FALSE),J7) -> Agent Level
A8: =IF('QMS Data'!A8<>"",'QMS Data'!A8,"") -> 515308820 | B8: =IFERROR(VLOOKUP($A8,'QMS Data'!$A:$BD,MATCH(B$1,'QMS Data'!$1:$1,0),FALSE),"") -> 14 | C8: =IFERROR(VLOOKUP($A8,'QMS Data'!$A:$BD,MATCH(C$1,'QMS Data'!$1:$1,0),FALSE),"") -> 6 | D8: =IFERROR(VLOOKUP($A8,'QMS Data'!$A:$BD,MATCH(D$1,'QMS Data'!$1:$1,0),FALSE),"") -> 2026 | E8: =IFERROR(VLOOKUP($A8,'QMS Data'!$A:$BD,MATCH(E$1,'QMS Data'!$1:$1,0),FALSE),"") -> 0.78024306 | F8: =IFERROR(VLOOKUP($A8,'QMS Data'!$A:$BD,MATCH(F$1,'QMS Data'!$1:$1,0),FALSE),"") -> Tatweer Misr | G8: =IFERROR(VLOOKUP($A8,'QMS Data'!$A:$BD,MATCH(G$1,'QMS Data'!$1:$1,0),FALSE),"") -> 33271 | H8: =IFERROR(VLOOKUP($A8,'QMS Data'!$A:$BD,MATCH(H$1,'QMS Data'!$1:$1,0),FALSE),"") -> Silvia_ANaguib | I8: =IFERROR(VLOOKUP($A8,'QMS Data'!$A:$BD,MATCH(I$1,'QMS Data'!$1:$1,0),FALSE),"") -> 15 | ... S8: =IFERROR(VLOOKUP($A8,'QMS Data'!$A:$BD,MATCH(S$1,'QMS Data'!$1:$1,0),FALSE),"") -> 1 | T8: =IFERROR(I8-B8,"") -> 1 | U8: =IF(B8<>"",IF(B8>22,"W4",IF(B8>16,"W3",IF(B8>9,"W2",IF(B8>0,"W1",0)))),"") -> W2 | V8: =IFERROR(VLOOKUP('Required Data'!$H8,Evaluators!A:B,2,FALSE),"") -> Quality | W8: =IF(I8<>"",IF(I8>22,"W4",IF(I8>15,"W3",IF(I8>8,"W2",IF(I8>1,"W1",IF(I8=1,"W4",""))))),"") -> W2 | X8: =IFERROR(VLOOKUP(G8,'Active List'!B:D,2,FALSE),"") -> mahmoud_hhamed | Y8: =IFERROR(SUM('Required Data'!$L8+'Required Data'!$N8+'Required Data'!$P8),"") -> 0 | Z8: =IFERROR(IF(HOUR(E8)<8,"Overnight",IF(HOUR(E8)<12,"Mornning",IF(HOUR(E8)<16,"Between",IF(HOUR(E8)<20,"Half Night","Night")))),"") -> Half Night | AA8: =IFERROR(DATE(Table1[[#This Row],[Call Year]],Table1[[#This Row],[Call Month]],Table1[[#This Row],[Call day]]),"") -> 46187 | AB8: =TEXT(Table1[[#This Row],[Call date]],"DDDD") -> Sunday | AC8: =IFERROR(IF(Table1[[#This Row],[Call date]]-VLOOKUP(Table1[[#This Row],[Agent ID]],'Active List'!B:E,4,FALSE)>60,"old",IF(Table1[[#This Row],[Call date]]-VLOOKUP(Table1[[#This Row],[Agent ID]],'Active List'!B:E,4,FALSE)>30,"Bucket 2",IF(Table1[[#This Row],[Call date]]-VLOOKUP(Table1[[#This Row],[Agent ID]],'Active List'!B:E,4,FALSE)>0,"Bucket 1",""))),"") -> old | AD8: =IFERROR(HOUR(Table1[[#This Row],[Time]]),"") -> 18 | AE8: =IFERROR(VLOOKUP(J8,DV!A:B,2,FALSE),J8) -> Agent Level
A9: =IF('QMS Data'!A9<>"",'QMS Data'!A9,"") -> 514867960 | B9: =IFERROR(VLOOKUP($A9,'QMS Data'!$A:$BD,MATCH(B$1,'QMS Data'!$1:$1,0),FALSE),"") -> 10 | C9: =IFERROR(VLOOKUP($A9,'QMS Data'!$A:$BD,MATCH(C$1,'QMS Data'!$1:$1,0),FALSE),"") -> 6 | D9: =IFERROR(VLOOKUP($A9,'QMS Data'!$A:$BD,MATCH(D$1,'QMS Data'!$1:$1,0),FALSE),"") -> 2026 | E9: =IFERROR(VLOOKUP($A9,'QMS Data'!$A:$BD,MATCH(E$1,'QMS Data'!$1:$1,0),FALSE),"") -> 0.45792824 | F9: =IFERROR(VLOOKUP($A9,'QMS Data'!$A:$BD,MATCH(F$1,'QMS Data'!$1:$1,0),FALSE),"") -> Tatweer Misr | G9: =IFERROR(VLOOKUP($A9,'QMS Data'!$A:$BD,MATCH(G$1,'QMS Data'!$1:$1,0),FALSE),"") -> 31924 | H9: =IFERROR(VLOOKUP($A9,'QMS Data'!$A:$BD,MATCH(H$1,'QMS Data'!$1:$1,0),FALSE),"") -> Silvia_ANaguib | I9: =IFERROR(VLOOKUP($A9,'QMS Data'!$A:$BD,MATCH(I$1,'QMS Data'!$1:$1,0),FALSE),"") -> 12 | ... S9: =IFERROR(VLOOKUP($A9,'QMS Data'!$A:$BD,MATCH(S$1,'QMS Data'!$1:$1,0),FALSE),"") -> 0.875 | T9: =IFERROR(I9-B9,"") -> 2 | U9: =IF(B9<>"",IF(B9>22,"W4",IF(B9>16,"W3",IF(B9>9,"W2",IF(B9>0,"W1",0)))),"") -> W2 | V9: =IFERROR(VLOOKUP('Required Data'!$H9,Evaluators!A:B,2,FALSE),"") -> Quality | W9: =IF(I9<>"",IF(I9>22,"W4",IF(I9>15,"W3",IF(I9>8,"W2",IF(I9>1,"W1",IF(I9=1,"W4",""))))),"") -> W2 | X9: =IFERROR(VLOOKUP(G9,'Active List'!B:D,2,FALSE),"") -> omnia_ahelmy | Y9: =IFERROR(SUM('Required Data'!$L9+'Required Data'!$N9+'Required Data'!$P9),"") -> 0 | Z9: =IFERROR(IF(HOUR(E9)<8,"Overnight",IF(HOUR(E9)<12,"Mornning",IF(HOUR(E9)<16,"Between",IF(HOUR(E9)<20,"Half Night","Night")))),"") -> Mornning | AA9: =IFERROR(DATE(Table1[[#This Row],[Call Year]],Table1[[#This Row],[Call Month]],Table1[[#This Row],[Call day]]),"") -> 46183 | AB9: =TEXT(Table1[[#This Row],[Call date]],"DDDD") -> Wednesday | AC9: =IFERROR(IF(Table1[[#This Row],[Call date]]-VLOOKUP(Table1[[#This Row],[Agent ID]],'Active List'!B:E,4,FALSE)>60,"old",IF(Table1[[#This Row],[Call date]]-VLOOKUP(Table1[[#This Row],[Agent ID]],'Active List'!B:E,4,FALSE)>30,"Bucket 2",IF(Table1[[#This Row],[Call date]]-VLOOKUP(Table1[[#This Row],[Agent ID]],'Active List'!B:E,4,FALSE)>0,"Bucket 1",""))),"") -> old | AD9: =IFERROR(HOUR(Table1[[#This Row],[Time]]),"") -> 10 | AE9: =IFERROR(VLOOKUP(J9,DV!A:B,2,FALSE),J9) -> Agent Level
A10: =IF('QMS Data'!A10<>"",'QMS Data'!A10,"") -> 514861967 | B10: =IFERROR(VLOOKUP($A10,'QMS Data'!$A:$BD,MATCH(B$1,'QMS Data'!$1:$1,0),FALSE),"") -> 10 | C10: =IFERROR(VLOOKUP($A10,'QMS Data'!$A:$BD,MATCH(C$1,'QMS Data'!$1:$1,0),FALSE),"") -> 6 | D10: =IFERROR(VLOOKUP($A10,'QMS Data'!$A:$BD,MATCH(D$1,'QMS Data'!$1:$1,0),FALSE),"") -> 2026 | E10: =IFERROR(VLOOKUP($A10,'QMS Data'!$A:$BD,MATCH(E$1,'QMS Data'!$1:$1,0),FALSE),"") -> 0.42003472 | F10: =IFERROR(VLOOKUP($A10,'QMS Data'!$A:$BD,MATCH(F$1,'QMS Data'!$1:$1,0),FALSE),"") -> Tatweer Misr | G10: =IFERROR(VLOOKUP($A10,'QMS Data'!$A:$BD,MATCH(G$1,'QMS Data'!$1:$1,0),FALSE),"") -> 32962 | H10: =IFERROR(VLOOKUP($A10,'QMS Data'!$A:$BD,MATCH(H$1,'QMS Data'!$1:$1,0),FALSE),"") -> Silvia_ANaguib | I10: =IFERROR(VLOOKUP($A10,'QMS Data'!$A:$BD,MATCH(I$1,'QMS Data'!$1:$1,0),FALSE),"") -> 12 | ... S10: =IFERROR(VLOOKUP($A10,'QMS Data'!$A:$BD,MATCH(S$1,'QMS Data'!$1:$1,0),FALSE),"") -> 1 | T10: =IFERROR(I10-B10,"") -> 2 | U10: =IF(B10<>"",IF(B10>22,"W4",IF(B10>16,"W3",IF(B10>9,"W2",IF(B10>0,"W1",0)))),"") -> W2 | V10: =IFERROR(VLOOKUP('Required Data'!$H10,Evaluators!A:B,2,FALSE),"") -> Quality | W10: =IF(I10<>"",IF(I10>22,"W4",IF(I10>15,"W3",IF(I10>8,"W2",IF(I10>1,"W1",IF(I10=1,"W4",""))))),"") -> W2 | X10: =IFERROR(VLOOKUP(G10,'Active List'!B:D,2,FALSE),"") -> mahmoud_hhamed | Y10: =IFERROR(SUM('Required Data'!$L10+'Required Data'!$N10+'Required Data'!$P10),"") -> 0 | Z10: =IFERROR(IF(HOUR(E10)<8,"Overnight",IF(HOUR(E10)<12,"Mornning",IF(HOUR(E10)<16,"Between",IF(HOUR(E10)<20,"Half Night","Night")))),"") -> Mornning | AA10: =IFERROR(DATE(Table1[[#This Row],[Call Year]],Table1[[#This Row],[Call Month]],Table1[[#This Row],[Call day]]),"") -> 46183 | AB10: =TEXT(Table1[[#This Row],[Call date]],"DDDD") -> Wednesday | AC10: =IFERROR(IF(Table1[[#This Row],[Call date]]-VLOOKUP(Table1[[#This Row],[Agent ID]],'Active List'!B:E,4,FALSE)>60,"old",IF(Table1[[#This Row],[Call date]]-VLOOKUP(Table1[[#This Row],[Agent ID]],'Active List'!B:E,4,FALSE)>30,"Bucket 2",IF(Table1[[#This Row],[Call date]]-VLOOKUP(Table1[[#This Row],[Agent ID]],'Active List'!B:E,4,FALSE)>0,"Bucket 1",""))),"") -> Bucket 2 | AD10: =IFERROR(HOUR(Table1[[#This Row],[Time]]),"") -> 10 | AE10: =IFERROR(VLOOKUP(J10,DV!A:B,2,FALSE),J10) -> Agent Level
A11: =IF('QMS Data'!A11<>"",'QMS Data'!A11,"") -> 514871947 | B11: =IFERROR(VLOOKUP($A11,'QMS Data'!$A:$BD,MATCH(B$1,'QMS Data'!$1:$1,0),FALSE),"") -> 10 | C11: =IFERROR(VLOOKUP($A11,'QMS Data'!$A:$BD,MATCH(C$1,'QMS Data'!$1:$1,0),FALSE),"") -> 6 | D11: =IFERROR(VLOOKUP($A11,'QMS Data'!$A:$BD,MATCH(D$1,'QMS Data'!$1:$1,0),FALSE),"") -> 2026 | E11: =IFERROR(VLOOKUP($A11,'QMS Data'!$A:$BD,MATCH(E$1,'QMS Data'!$1:$1,0),FALSE),"") -> 0.4780787 | F11: =IFERROR(VLOOKUP($A11,'QMS Data'!$A:$BD,MATCH(F$1,'QMS Data'!$1:$1,0),FALSE),"") -> Tatweer Misr | G11: =IFERROR(VLOOKUP($A11,'QMS Data'!$A:$BD,MATCH(G$1,'QMS Data'!$1:$1,0),FALSE),"") -> 32462 | H11: =IFERROR(VLOOKUP($A11,'QMS Data'!$A:$BD,MATCH(H$1,'QMS Data'!$1:$1,0),FALSE),"") -> Silvia_ANaguib | I11: =IFERROR(VLOOKUP($A11,'QMS Data'!$A:$BD,MATCH(I$1,'QMS Data'!$1:$1,0),FALSE),"") -> 12 | ... S11: =IFERROR(VLOOKUP($A11,'QMS Data'!$A:$BD,MATCH(S$1,'QMS Data'!$1:$1,0),FALSE),"") -> 1 | T11: =IFERROR(I11-B11,"") -> 2 | U11: =IF(B11<>"",IF(B11>22,"W4",IF(B11>16,"W3",IF(B11>9,"W2",IF(B11>0,"W1",0)))),"") -> W2 | V11: =IFERROR(VLOOKUP('Required Data'!$H11,Evaluators!A:B,2,FALSE),"") -> Quality | W11: =IF(I11<>"",IF(I11>22,"W4",IF(I11>15,"W3",IF(I11>8,"W2",IF(I11>1,"W1",IF(I11=1,"W4",""))))),"") -> W2 | X11: =IFERROR(VLOOKUP(G11,'Active List'!B:D,2,FALSE),"") -> omnia_ahelmy | Y11: =IFERROR(SUM('Required Data'!$L11+'Required Data'!$N11+'Required Data'!$P11),"") -> 0 | Z11: =IFERROR(IF(HOUR(E11)<8,"Overnight",IF(HOUR(E11)<12,"Mornning",IF(HOUR(E11)<16,"Between",IF(HOUR(E11)<20,"Half Night","Night")))),"") -> Mornning | AA11: =IFERROR(DATE(Table1[[#This Row],[Call Year]],Table1[[#This Row],[Call Month]],Table1[[#This Row],[Call day]]),"") -> 46183 | AB11: =TEXT(Table1[[#This Row],[Call date]],"DDDD") -> Wednesday | AC11: =IFERROR(IF(Table1[[#This Row],[Call date]]-VLOOKUP(Table1[[#This Row],[Agent ID]],'Active List'!B:E,4,FALSE)>60,"old",IF(Table1[[#This Row],[Call date]]-VLOOKUP(Table1[[#This Row],[Agent ID]],'Active List'!B:E,4,FALSE)>30,"Bucket 2",IF(Table1[[#This Row],[Call date]]-VLOOKUP(Table1[[#This Row],[Agent ID]],'Active List'!B:E,4,FALSE)>0,"Bucket 1",""))),"") -> old | AD11: =IFERROR(HOUR(Table1[[#This Row],[Time]]),"") -> 11 | AE11: =IFERROR(VLOOKUP(J11,DV!A:B,2,FALSE),J11) -> Agent Level
A12: =IF('QMS Data'!A12<>"",'QMS Data'!A12,"") -> 514904778 | B12: =IFERROR(VLOOKUP($A12,'QMS Data'!$A:$BD,MATCH(B$1,'QMS Data'!$1:$1,0),FALSE),"") -> 10 | C12: =IFERROR(VLOOKUP($A12,'QMS Data'!$A:$BD,MATCH(C$1,'QMS Data'!$1:$1,0),FALSE),"") -> 6 | D12: =IFERROR(VLOOKUP($A12,'QMS Data'!$A:$BD,MATCH(D$1,'QMS Data'!$1:$1,0),FALSE),"") -> 2026 | E12: =IFERROR(VLOOKUP($A12,'QMS Data'!$A:$BD,MATCH(E$1,'QMS Data'!$1:$1,0),FALSE),"") -> 0.63818287 | F12: =IFERROR(VLOOKUP($A12,'QMS Data'!$A:$BD,MATCH(F$1,'QMS Data'!$1:$1,0),FALSE),"") -> Tatweer Misr | G12: =IFERROR(VLOOKUP($A12,'QMS Data'!$A:$BD,MATCH(G$1,'QMS Data'!$1:$1,0),FALSE),"") -> 33270 | H12: =IFERROR(VLOOKUP($A12,'QMS Data'!$A:$BD,MATCH(H$1,'QMS Data'!$1:$1,0),FALSE),"") -> Silvia_ANaguib | I12: =IFERROR(VLOOKUP($A12,'QMS Data'!$A:$BD,MATCH(I$1,'QMS Data'!$1:$1,0),FALSE),"") -> 12 | ... S12: =IFERROR(VLOOKUP($A12,'QMS Data'!$A:$BD,MATCH(S$1,'QMS Data'!$1:$1,0),FALSE),"") -> 1 | T12: =IFERROR(I12-B12,"") -> 2 | U12: =IF(B12<>"",IF(B12>22,"W4",IF(B12>16,"W3",IF(B12>9,"W2",IF(B12>0,"W1",0)))),"") -> W2 | V12: =IFERROR(VLOOKUP('Required Data'!$H12,Evaluators!A:B,2,FALSE),"") -> Quality | W12: =IF(I12<>"",IF(I12>22,"W4",IF(I12>15,"W3",IF(I12>8,"W2",IF(I12>1,"W1",IF(I12=1,"W4",""))))),"") -> W2 | X12: =IFERROR(VLOOKUP(G12,'Active List'!B:D,2,FALSE),"") -> mahmoud_hhamed | Y12: =IFERROR(SUM('Required Data'!$L12+'Required Data'!$N12+'Required Data'!$P12),"") -> 0 | Z12: =IFERROR(IF(HOUR(E12)<8,"Overnight",IF(HOUR(E12)<12,"Mornning",IF(HOUR(E12)<16,"Between",IF(HOUR(E12)<20,"Half Night","Night")))),"") -> Between | AA12: =IFERROR(DATE(Table1[[#This Row],[Call Year]],Table1[[#This Row],[Call Month]],Table1[[#This Row],[Call day]]),"") -> 46183 | AB12: =TEXT(Table1[[#This Row],[Call date]],"DDDD") -> Wednesday | AC12: =IFERROR(IF(Table1[[#This Row],[Call date]]-VLOOKUP(Table1[[#This Row],[Agent ID]],'Active List'!B:E,4,FALSE)>60,"old",IF(Table1[[#This Row],[Call date]]-VLOOKUP(Table1[[#This Row],[Agent ID]],'Active List'!B:E,4,FALSE)>30,"Bucket 2",IF(Table1[[#This Row],[Call date]]-VLOOKUP(Table1[[#This Row],[Agent ID]],'Active List'!B:E,4,FALSE)>0,"Bucket 1",""))),"") -> old | AD12: =IFERROR(HOUR(Table1[[#This Row],[Time]]),"") -> 15 | AE12: =IFERROR(VLOOKUP(J12,DV!A:B,2,FALSE),J12) -> Agent Level
A13: =IF('QMS Data'!A13<>"",'QMS Data'!A13,"") -> 514741104 | B13: =IFERROR(VLOOKUP($A13,'QMS Data'!$A:$BD,MATCH(B$1,'QMS Data'!$1:$1,0),FALSE),"") -> 9 | C13: =IFERROR(VLOOKUP($A13,'QMS Data'!$A:$BD,MATCH(C$1,'QMS Data'!$1:$1,0),FALSE),"") -> 6 | D13: =IFERROR(VLOOKUP($A13,'QMS Data'!$A:$BD,MATCH(D$1,'QMS Data'!$1:$1,0),FALSE),"") -> 2026 | E13: =IFERROR(VLOOKUP($A13,'QMS Data'!$A:$BD,MATCH(E$1,'QMS Data'!$1:$1,0),FALSE),"") -> 0.13244213 | F13: =IFERROR(VLOOKUP($A13,'QMS Data'!$A:$BD,MATCH(F$1,'QMS Data'!$1:$1,0),FALSE),"") -> Proper T | G13: =IFERROR(VLOOKUP($A13,'QMS Data'!$A:$BD,MATCH(G$1,'QMS Data'!$1:$1,0),FALSE),"") -> 39025 | H13: =IFERROR(VLOOKUP($A13,'QMS Data'!$A:$BD,MATCH(H$1,'QMS Data'!$1:$1,0),FALSE),"") -> Silvia_ANaguib | I13: =IFERROR(VLOOKUP($A13,'QMS Data'!$A:$BD,MATCH(I$1,'QMS Data'!$1:$1,0),FALSE),"") -> 12 | ... S13: =IFERROR(VLOOKUP($A13,'QMS Data'!$A:$BD,MATCH(S$1,'QMS Data'!$1:$1,0),FALSE),"") -> 1 | T13: =IFERROR(I13-B13,"") -> 3 | U13: =IF(B13<>"",IF(B13>22,"W4",IF(B13>16,"W3",IF(B13>9,"W2",IF(B13>0,"W1",0)))),"") -> W1 | V13: =IFERROR(VLOOKUP('Required Data'!$H13,Evaluators!A:B,2,FALSE),"") -> Quality | W13: =IF(I13<>"",IF(I13>22,"W4",IF(I13>15,"W3",IF(I13>8,"W2",IF(I13>1,"W1",IF(I13=1,"W4",""))))),"") -> W2 | X13: =IFERROR(VLOOKUP(G13,'Active List'!B:D,2,FALSE),"") -> omnia_ahelmy | Y13: =IFERROR(SUM('Required Data'!$L13+'Required Data'!$N13+'Required Data'!$P13),"") -> 0 | Z13: =IFERROR(IF(HOUR(E13)<8,"Overnight",IF(HOUR(E13)<12,"Mornning",IF(HOUR(E13)<16,"Between",IF(HOUR(E13)<20,"Half Night","Night")))),"") -> Overnight | AA13: =IFERROR(DATE(Table1[[#This Row],[Call Year]],Table1[[#This Row],[Call Month]],Table1[[#This Row],[Call day]]),"") -> 46182 | AB13: =TEXT(Table1[[#This Row],[Call date]],"DDDD") -> Tuesday | AC13: =IFERROR(IF(Table1[[#This Row],[Call date]]-VLOOKUP(Table1[[#This Row],[Agent ID]],'Active List'!B:E,4,FALSE)>60,"old",IF(Table1[[#This Row],[Call date]]-VLOOKUP(Table1[[#This Row],[Agent ID]],'Active List'!B:E,4,FALSE)>30,"Bucket 2",IF(Table1[[#This Row],[Call date]]-VLOOKUP(Table1[[#This Row],[Agent ID]],'Active List'!B:E,4,FALSE)>0,"Bucket 1",""))),"") -> old | AD13: =IFERROR(HOUR(Table1[[#This Row],[Time]]),"") -> 3 | AE13: =IFERROR(VLOOKUP(J13,DV!A:B,2,FALSE),J13) -> Agent Level
... A341: =IF('QMS Data'!A341<>"",'QMS Data'!A341,"") | B341: =IFERROR(VLOOKUP($A341,'QMS Data'!$A:$BD,MATCH(B$1,'QMS Data'!$1:$1,0),FALSE),"") | C341: =IFERROR(VLOOKUP($A341,'QMS Data'!$A:$BD,MATCH(C$1,'QMS Data'!$1:$1,0),FALSE),"") | D341: =IFERROR(VLOOKUP($A341,'QMS Data'!$A:$BD,MATCH(D$1,'QMS Data'!$1:$1,0),FALSE),"") | E341: =IFERROR(VLOOKUP($A341,'QMS Data'!$A:$BD,MATCH(E$1,'QMS Data'!$1:$1,0),FALSE),"") | F341: =IFERROR(VLOOKUP($A341,'QMS Data'!$A:$BD,MATCH(F$1,'QMS Data'!$1:$1,0),FALSE),"") | G341: =IFERROR(VLOOKUP($A341,'QMS Data'!$A:$BD,MATCH(G$1,'QMS Data'!$1:$1,0),FALSE),"") | H341: =IFERROR(VLOOKUP($A341,'QMS Data'!$A:$BD,MATCH(H$1,'QMS Data'!$1:$1,0),FALSE),"") | I341: =IFERROR(VLOOKUP($A341,'QMS Data'!$A:$BD,MATCH(I$1,'QMS Data'!$1:$1,0),FALSE),"") | ... S341: =IFERROR(VLOOKUP($A341,'QMS Data'!$A:$BD,MATCH(S$1,'QMS Data'!$1:$1,0),FALSE),"") | T341: =IFERROR(I341-B341,"") | U341: =IF(B341<>"",IF(B341>22,"W4",IF(B341>16,"W3",IF(B341>9,"W2",IF(B341>0,"W1",0)))),"") | V341: =IFERROR(VLOOKUP('Required Data'!$H341,Evaluators!A:B,2,FALSE),"") | W341: =IF(I341<>"",IF(I341>22,"W4",IF(I341>15,"W3",IF(I341>8,"W2",IF(I341>1,"W1",IF(I341=1,"W4",""))))),"") | X341: =IFERROR(VLOOKUP(G341,'Active List'!B:D,2,FALSE),"") | Y341: =IFERROR(SUM('Required Data'!$L341+'Required Data'!$N341+'Required Data'!$P341),"") | Z341: =IFERROR(IF(HOUR(E341)<8,"Overnight",IF(HOUR(E341)<12,"Mornning",IF(HOUR(E341)<16,"Between",IF(HOUR(E341)<20,"Half Night","Night")))),"") | AA341: =IFERROR(DATE(Table1[[#This Row],[Call Year]],Table1[[#This Row],[Call Month]],Table1[[#This Row],[Call day]]),"") | AB341: =TEXT(Table1[[#This Row],[Call date]],"DDDD") | AC341: =IFERROR(IF(Table1[[#This Row],[Call date]]-VLOOKUP(Table1[[#This Row],[Agent ID]],'Active List'!B:E,4,FALSE)>60,"old",IF(Table1[[#This Row],[Call date]]-VLOOKUP(Table1[[#This Row],[Agent ID]],'Active List'!B:E,4,FALSE)>30,"Bucket 2",IF(Table1[[#This Row],[Call date]]-VLOOKUP(Table1[[#This Row],[Agent ID]],'Active List'!B:E,4,FALSE)>0,"Bucket 1",""))),"") | AD341: =IFERROR(HOUR(Table1[[#This Row],[Time]]),"") | AE341: =IFERROR(VLOOKUP(J341,DV!A:B,2,FALSE),J341)

Sheet Figures
B10: Queue | C10: Agent Level
C11: AL Target | D11: AL Achieved | E11: CC% | F11: EUC% | G11: BC% | H11: NC%
B12: Tatweer Misr | C12: 100 | D12: =COUNTIFS(Queue,B12,TargeType,$C$10) -> 11 | E12: =AVERAGEIFS(Compliance_Critical_Percentage,Queue,B12,TargeType,$C$10) -> 1 | F12: =AVERAGEIFS(End_User_Crirical_Percentage,Queue,B12,TargeType,$C$10) -> 1 | G12: =AVERAGEIFS(Busniss_Critical_Percentage,Queue,B12,TargeType,$C$10) -> 1 | H12: =AVERAGEIFS(Non_Critical_Percentage,Queue,B12,TargeType,$C$10) -> 0.97727273
B13: Proper T | C13: 100 | D13: =COUNTIFS(Queue,B13,TargeType,$C$10) -> 14 | E13: =AVERAGEIFS(Compliance_Critical_Percentage,Queue,B13,TargeType,$C$10) -> 1 | F13: =AVERAGEIFS(End_User_Crirical_Percentage,Queue,B13,TargeType,$C$10) -> 1 | G13: =AVERAGEIFS(Busniss_Critical_Percentage,Queue,B13,TargeType,$C$10) -> 0.92857143 | H13: =AVERAGEIFS(Non_Critical_Percentage,Queue,B13,TargeType,$C$10) -> 0.98214286
B14: Tatweer Misr OB Survey | C14: 0 | D14: =COUNTIFS(Queue,B14,TargeType,$C$10) -> 0 | E14: =AVERAGEIFS(Compliance_Critical_Percentage,Queue,B14,TargeType,$C$10) -> #DIV/0! | F14: =AVERAGEIFS(End_User_Crirical_Percentage,Queue,B14,TargeType,$C$10) -> #DIV/0! | G14: =AVERAGEIFS(Busniss_Critical_Percentage,Queue,B14,TargeType,$C$10) -> #DIV/0! | H14: =AVERAGEIFS(Non_Critical_Percentage,Queue,B14,TargeType,$C$10) -> #DIV/0!
B16: Tatweer Misr | C16: Agent Level
B17: TL Figures | C17: CC% | D17: EUC% | E17: BC% | F17: NC%
B18: Omnia_AHelmy | C18: =AVERAGEIFS(Compliance_Critical_Percentage,Queue,$B$16,TL,$B18,TargeType,C$16) -> 1 | D18: =AVERAGEIFS(End_User_Crirical_Percentage,Queue,$B$16,TL,$B18,TargeType,C$16) -> 1 | E18: =AVERAGEIFS(Busniss_Critical_Percentage,Queue,$B$16,TL,$B18,TargeType,C$16) -> 1 | F18: =AVERAGEIFS(Non_Critical_Percentage,Queue,$B$16,TL,$B18,TargeType,C$16) -> 0.95833333
B19: Mahmoud_HHamed | C19: =AVERAGEIFS(Compliance_Critical_Percentage,Queue,$B$16,TL,$B19,TargeType,C$16) -> 1 | D19: =AVERAGEIFS(End_User_Crirical_Percentage,Queue,$B$16,TL,$B19,TargeType,C$16) -> 1 | E19: =AVERAGEIFS(Busniss_Critical_Percentage,Queue,$B$16,TL,$B19,TargeType,C$16) -> 1 | F19: =AVERAGEIFS(Non_Critical_Percentage,Queue,$B$16,TL,$B19,TargeType,C$16) -> 0.975
B23: Proper T | C23: Agent Level | D23: Manual Agent Level | E23: Manual Agent Level | F23: Manual Agent Level
B24: TL Figures | C24: CC% | D24: EUC% | E24: BC% | F24: NC%
B25: Omnia_AHelmy | C25: =AVERAGEIFS(Compliance_Critical_Percentage,Queue,$B$23,TL,$B25,TargeType,C$23) -> 1 | D25: =AVERAGEIFS(End_User_Crirical_Percentage,Queue,$B$23,TL,$B25,TargeType,C$23) -> 1 | E25: =AVERAGEIFS(Busniss_Critical_Percentage,Queue,$B$23,TL,$B25,TargeType,C$23) -> 0.75 | F25: =AVERAGEIFS(Non_Critical_Percentage,Queue,$B$23,TL,$B25,TargeType,C$23) -> 1
B26: Mahmoud_HHamed | C26: =AVERAGEIFS(Compliance_Critical_Percentage,Queue,$B$23,TL,$B26,TargeType,C$23) -> 1 | D26: =AVERAGEIFS(End_User_Crirical_Percentage,Queue,$B$23,TL,$B26,TargeType,C$23) -> 1 | E26: =AVERAGEIFS(Busniss_Critical_Percentage,Queue,$B$23,TL,$B26,TargeType,C$23) -> 1 | F26: =AVERAGEIFS(Non_Critical_Percentage,Queue,$B$23,TL,$B26,TargeType,C$23) -> 0.98214286
B30: Tatweer Misr OB Survey | C30: Agent Level
B31: TL Figures | C31: CC% | D31: EUC% | E31: BC% | F31: NC%
B32: Omnia_AHelmy | C32: =AVERAGEIFS(Compliance_Critical_Percentage,Queue,$B$30,TL,$B32,TargeType,C$30) -> #DIV/0! | D32: =AVERAGEIFS(End_User_Crirical_Percentage,Queue,$B$30,TL,$B32,TargeType,C$30) -> #DIV/0! | E32: =AVERAGEIFS(Busniss_Critical_Percentage,Queue,$B$30,TL,$B32,TargeType,C$30) -> #DIV/0! | F32: =AVERAGEIFS(Non_Critical_Percentage,Queue,$B$30,TL,$B32,TargeType,C$30) -> #DIV/0!
B33: Mahmoud_HHamed | C33: =AVERAGEIFS(Compliance_Critical_Percentage,Queue,$B$30,TL,$B33,TargeType,C$30) -> #DIV/0! | D33: =AVERAGEIFS(End_User_Crirical_Percentage,Queue,$B$30,TL,$B33,TargeType,C$30) -> #DIV/0! | E33: =AVERAGEIFS(Busniss_Critical_Percentage,Queue,$B$30,TL,$B33,TargeType,C$30) -> #DIV/0! | F33: =AVERAGEIFS(Non_Critical_Percentage,Queue,$B$30,TL,$B33,TargeType,C$30) -> #DIV/0!
B38: Weekly View | C38: Agent Level | D38: Manual Program Level | E38: Manual Program Level | F38: Manual Program Level
B39: Tatweer Misr | C39: CC% | D39: EUC% | E39: BC% | F39: NC%
B40: W1 | C40: =IFERROR(AVERAGEIFS(Compliance_Critical_Percentage,Queue,$B$39,TargeType,$C$46,CallWeek,B40),"") -> 1 | D40: =IFERROR(AVERAGEIFS(End_User_Crirical_Percentage,Queue,$B$39,TargeType,$C$46,CallWeek,B40),"") -> 1 | E40: =IFERROR(AVERAGEIFS(Busniss_Critical_Percentage,Queue,$B$39,TargeType,$C$46,CallWeek,B40),"") -> 1 | F40: =IFERROR(AVERAGEIFS(Non_Critical_Percentage,Queue,$B$39,TargeType,$C$46,CallWeek,B40),"") -> 1
B41: W2 | C41: =IFERROR(AVERAGEIFS(Compliance_Critical_Percentage,Queue,$B$39,TargeType,$C$46,CallWeek,B41),"") -> 1 | D41: =IFERROR(AVERAGEIFS(End_User_Crirical_Percentage,Queue,$B$39,TargeType,$C$46,CallWeek,B41),"") -> 1 | E41: =IFERROR(AVERAGEIFS(Busniss_Critical_Percentage,Queue,$B$39,TargeType,$C$46,CallWeek,B41),"") -> 1 | F41: =IFERROR(AVERAGEIFS(Non_Critical_Percentage,Queue,$B$39,TargeType,$C$46,CallWeek,B41),"") -> 0.97222222
B42: W3 | C42: =IFERROR(AVERAGEIFS(Compliance_Critical_Percentage,Queue,$B$39,TargeType,$C$46,CallWeek,B42),"") -> 1 | D42: =IFERROR(AVERAGEIFS(End_User_Crirical_Percentage,Queue,$B$39,TargeType,$C$46,CallWeek,B42),"") -> 1 | E42: =IFERROR(AVERAGEIFS(Busniss_Critical_Percentage,Queue,$B$39,TargeType,$C$46,CallWeek,B42),"") -> 1 | F42: =IFERROR(AVERAGEIFS(Non_Critical_Percentage,Queue,$B$39,TargeType,$C$46,CallWeek,B42),"") -> 1
B43: W4 | C43: =IFERROR(AVERAGEIFS(Compliance_Critical_Percentage,Queue,$B$39,TargeType,$C$46,CallWeek,B43),"") | D43: =IFERROR(AVERAGEIFS(End_User_Crirical_Percentage,Queue,$B$39,TargeType,$C$46,CallWeek,B43),"") | E43: =IFERROR(AVERAGEIFS(Busniss_Critical_Percentage,Queue,$B$39,TargeType,$C$46,CallWeek,B43),"") | F43: =IFERROR(AVERAGEIFS(Non_Critical_Percentage,Queue,$B$39,TargeType,$C$46,CallWeek,B43),"")
B46: Weekly View | C46: Agent Level | D46: Manual Program Level | E46: Manual Program Level | F46: Manual Program Level
B47: Proper T | C47: CC% | D47: EUC% | E47: BC% | F47: NC%
B48: W1 | C48: =IFERROR(AVERAGEIFS(Compliance_Critical_Percentage,Queue,$B$47,TargeType,$C$46,CallWeek,B48),"") -> 1 | D48: =IFERROR(AVERAGEIFS(End_User_Crirical_Percentage,Queue,$B$47,TargeType,$C$46,CallWeek,B48),"") -> 1 | E48: =IFERROR(AVERAGEIFS(Busniss_Critical_Percentage,Queue,$B$47,TargeType,$C$46,CallWeek,B48),"") -> 0.5 | F48: =IFERROR(AVERAGEIFS(Non_Critical_Percentage,Queue,$B$47,TargeType,$C$46,CallWeek,B48),"") -> 1
B49: W2 | C49: =IFERROR(AVERAGEIFS(Compliance_Critical_Percentage,Queue,$B$47,TargeType,$C$46,CallWeek,B49),"") -> 1 | D49: =IFERROR(AVERAGEIFS(End_User_Crirical_Percentage,Queue,$B$47,TargeType,$C$46,CallWeek,B49),"") -> 1 | E49: =IFERROR(AVERAGEIFS(Busniss_Critical_Percentage,Queue,$B$47,TargeType,$C$46,CallWeek,B49),"") -> 1 | F49: =IFERROR(AVERAGEIFS(Non_Critical_Percentage,Queue,$B$47,TargeType,$C$46,CallWeek,B49),"") -> 1
B50: W3 | C50: =IFERROR(AVERAGEIFS(Compliance_Critical_Percentage,Queue,$B$47,TargeType,$C$46,CallWeek,B50),"") -> 1 | D50: =IFERROR(AVERAGEIFS(End_User_Crirical_Percentage,Queue,$B$47,TargeType,$C$46,CallWeek,B50),"") -> 1 | E50: =IFERROR(AVERAGEIFS(Busniss_Critical_Percentage,Queue,$B$47,TargeType,$C$46,CallWeek,B50),"") -> 1 | F50: =IFERROR(AVERAGEIFS(Non_Critical_Percentage,Queue,$B$47,TargeType,$C$46,CallWeek,B50),"") -> 0.9375
B51: W4 | C51: =IFERROR(AVERAGEIFS(Compliance_Critical_Percentage,Queue,$B$47,TargeType,$C$46,CallWeek,B51),"") | D51: =IFERROR(AVERAGEIFS(End_User_Crirical_Percentage,Queue,$B$47,TargeType,$C$46,CallWeek,B51),"") | E51: =IFERROR(AVERAGEIFS(Busniss_Critical_Percentage,Queue,$B$47,TargeType,$C$46,CallWeek,B51),"") | F51: =IFERROR(AVERAGEIFS(Non_Critical_Percentage,Queue,$B$47,TargeType,$C$46,CallWeek,B51),"")
B56: Tatweer Misr OB Survey | C56: Agent Level | D56: Manual Program Level | E56: Manual Program Level | F56: Manual Program Level
B57: Tatweer Misr | C57: CC% | D57: EUC% | E57: BC% | F57: NC%
B58: W1 | C58: =IFERROR(AVERAGEIFS(End_User_Crirical_Percentage,Queue,$B$56,TargeType,$C$56,CallWeek,A58),"") | D58: =IFERROR(AVERAGEIFS(End_User_Crirical_Percentage,Queue,$B$56,TargeType,$C$56,CallWeek,B58),"") | E58: =IFERROR(AVERAGEIFS(Busniss_Critical_Percentage,Queue,$B$56,TargeType,$C$56,CallWeek,B58),"") | F58: =IFERROR(AVERAGEIFS(Non_Critical_Percentage,Queue,$B$56,TargeType,$C$56,CallWeek,B58),"")
B59: W2 | C59: =IFERROR(AVERAGEIFS(End_User_Crirical_Percentage,Queue,$B$56,TargeType,$C$56,CallWeek,A59),"") | D59: =IFERROR(AVERAGEIFS(End_User_Crirical_Percentage,Queue,$B$56,TargeType,$C$56,CallWeek,B59),"") | E59: =IFERROR(AVERAGEIFS(Busniss_Critical_Percentage,Queue,$B$56,TargeType,$C$56,CallWeek,B59),"") | F59: =IFERROR(AVERAGEIFS(Non_Critical_Percentage,Queue,$B$56,TargeType,$C$56,CallWeek,B59),"")
B60: W3 | C60: =IFERROR(AVERAGEIFS(End_User_Crirical_Percentage,Queue,$B$56,TargeType,$C$56,CallWeek,A60),"") | D60: =IFERROR(AVERAGEIFS(End_User_Crirical_Percentage,Queue,$B$56,TargeType,$C$56,CallWeek,B60),"") | E60: =IFERROR(AVERAGEIFS(Busniss_Critical_Percentage,Queue,$B$56,TargeType,$C$56,CallWeek,B60),"") | F60: =IFERROR(AVERAGEIFS(Non_Critical_Percentage,Queue,$B$56,TargeType,$C$56,CallWeek,B60),"")
B61: W4 | C61: =IFERROR(AVERAGEIFS(End_User_Crirical_Percentage,Queue,$B$56,TargeType,$C$56,CallWeek,A61),"") | D61: =IFERROR(AVERAGEIFS(End_User_Crirical_Percentage,Queue,$B$56,TargeType,$C$56,CallWeek,B61),"") | E61: =IFERROR(AVERAGEIFS(Busniss_Critical_Percentage,Queue,$B$56,TargeType,$C$56,CallWeek,B61),"") | F61: =IFERROR(AVERAGEIFS(Non_Critical_Percentage,Queue,$B$56,TargeType,$C$56,CallWeek,B61),"")
B75: Number of Mointored Calls by QAE | C75: Number of Critical done by QA | D75: % Critical by QA | E75: Number of Non Critical done by QA | F75: % Non Critical by QA | G75: Number of Mointored Calls by TL | H75: Number Critical done by TL | I75: % Critical by TL | J75: Number of Non Critical done by TL | K75: % Non Critical by TL | L75: % Variance in the project in C | M75: % Variance in the project in NC
A76: Tatweer Misr | B76: =COUNTIFS(DEP,"Quality",Queue,A76) -> 10 | C76: =SUMIFS(Compliance_Critical,DEP,"Quality",Queue,A76)+SUMIFS(End_User_Crirical,DEP,"Quality",Queue,A76)+SUMIFS(Busniss_Critical,DEP,"Quality",Queue,A76) -> 0 | D76: =C76/B76 -> 0 | E76: =SUMIFS(Non_Critical,DEP,"Quality",Queue,A76) -> 2 | F76: =E76/(B76*8) -> 0.025 | G76: =COUNTIFS(DEP,"Operation",Queue,A76) -> 1 | H76: =SUMIFS(Compliance_Critical,DEP,"Operation",Queue,A76)+SUMIFS(End_User_Crirical,DEP,"Operation",Queue,A76)+SUMIFS(Busniss_Critical,DEP,"Operation",Queue,A76) -> 0 | I76: =H76/G76 -> 0 | J76: =SUMIFS(Non_Critical,DEP,"Operation",Queue,A76) -> 0 | K76: =J76/(G76*8) -> 0 | L76: =D76-I76 -> 0 | M76: =F76-K76 -> 0.025
A77: Proper T | B77: =COUNTIFS(DEP,"Quality",Queue,A77) -> 14 | C77: =SUMIFS(Compliance_Critical,DEP,"Quality",Queue,A77)+SUMIFS(End_User_Crirical,DEP,"Quality",Queue,A77)+SUMIFS(Busniss_Critical,DEP,"Quality",Queue,A77) -> 1 | D77: =C77/B77 -> 0.071428571 | E77: =SUMIFS(Non_Critical,DEP,"Quality",Queue,A77) -> 2 | F77: =E77/(B77*8) -> 0.017857143 | G77: =COUNTIFS(DEP,"Operation",Queue,A77) -> 0 | H77: =SUMIFS(Compliance_Critical,DEP,"Operation",Queue,A77)+SUMIFS(End_User_Crirical,DEP,"Operation",Queue,A77)+SUMIFS(Busniss_Critical,DEP,"Operation",Queue,A77) -> 0 | I77: =H77/G77 -> #DIV/0! | J77: =SUMIFS(Non_Critical,DEP,"Operation",Queue,A77) -> 0 | K77: =J77/(G77*8) -> #DIV/0! | L77: =D77-I77 -> #DIV/0! | M77: =F77-K77 -> #DIV/0!
A78: Tatweer Misr OB Survey | B78: =COUNTIFS(DEP,"Quality",Queue,A78) -> 0 | C78: =SUMIFS(Compliance_Critical,DEP,"Quality",Queue,A78)+SUMIFS(End_User_Crirical,DEP,"Quality",Queue,A78)+SUMIFS(Busniss_Critical,DEP,"Quality",Queue,A78) -> 0 | D78: =C78/B78 -> #DIV/0! | E78: =SUMIFS(Non_Critical,DEP,"Quality",Queue,A78) -> 0 | F78: =E78/(B78*8) -> #DIV/0! | G78: =COUNTIFS(DEP,"Operation",Queue,A78) -> 0 | H78: =SUMIFS(Compliance_Critical,DEP,"Operation",Queue,A78)+SUMIFS(End_User_Crirical,DEP,"Operation",Queue,A78)+SUMIFS(Busniss_Critical,DEP,"Operation",Queue,A78) -> 0 | I78: =H78/G78 -> #DIV/0! | J78: =SUMIFS(Non_Critical,DEP,"Operation",Queue,A78) -> 0 | K78: =J78/(G78*8) -> #DIV/0! | L78: =D78-I78 -> #DIV/0! | M78: =F78-K78 -> #DIV/0!

Sheet QMS Data
A1: Call Id | B1: Call Date | C1: Call day | D1: Call Month | E1: Call Year | F1: Time | G1: Duration | H1: Caller ID | I1: Called ID | J1: Queue | K1: Agent ID | L1: Agent Name | M1: Agent Status | N1: TeamLeader | O1: Evaluation Score | P1: Evaluator Name | Q1: Evaluation Date | R1: Evaluation day | S1: Evaluation Month | T1: Evaluation Year | U1: Result | V1: TargeType | W1: AgentStatus | X1: TeamLeader | Y1: Busniss Critical | Z1: Busniss Critical_Percentage | AA1: Compliance Critical | AB1: Compliance Critical_Percentage | AC1: End-User Crirical | AD1: End-User Crirical_Percentage | AE1: Non Critical | AF1: Non Critical_Percentage | AG1: Customer Name | AH1: Customer Contact/Phone | AI1: FCR | AJ1: Noise background | AK1: SBS Findings | AL1: SBS Comment | AM1: FCR Reason | AN1: End User Feedback | AO1: Negative Feedback Source | AP1: Reason FCR (NO) | AQ1: Customer Feedback | AR1: Customer Feedback Comment | AS1: FCR Text | AT1: Escalation | AU1: Coaching Reference | AV1: Reason of Negative Feedback | AW1: WOW Call | AX1: Call Type | AY1: Ops | AZ1: HR | BA1: IT | BB1: WF | BC1: Training
A2: 514010093 | B2: 46028 | C2: 1 | D2: 6 | E2: 2026 | F2: 0.53327546 | G2: 0 | J2: Tatweer Misr | K2: 32462 | L2: Shahd Ashraf Muhamed Saber | M2: Old | P2: Omnia_A Helmy | Q2: 46174.789 | R2: 1 | S2: 6 | T2: 2026 | U2: Pass | V2: Manual Agent Level | W2: Old | Y2: 0 | Z2: 1 | AA2: 0 | AB2: 1 | AC2: 0 | AD2: 1 | AE2: 0 | AF2: 1 | AI2: No | AJ2: No | AM2: RCC | AP2: Process | AT2: Valid | AX2: Technical client Relation
A3: 515267273 | B3: 14/06/2026 | C3: 14 | D3: 6 | E3: 2026 | F3: 0.59328704 | G3: 0.0015393519 | I3: 61134 | J3: Tatweer Misr | K3: 32755 | L3: Hatem Shady Farouk | M3: Old | P3: Silvia_ANaguib | Q3: 46188.616 | R3: 15 | S3: 6 | T3: 2026 | U3: Pass | V3: Agent Level | W3: Old | Y3: 0 | Z3: 1 | AA3: 0 | AB3: 1 | AC3: 0 | AD3: 1 | AE3: 0 | AF3: 1 | AI3: No | AJ3: No | AT3: Valid | AX3: Technical client Relation | BC3: No
A4: 515278813 | B4: 14/06/2026 | C4: 14 | D4: 6 | E4: 2026 | F4: 0.63731481 | G4: 0.0029861111 | I4: 61134 | J4: Tatweer Misr | K4: 32755 | L4: Hatem Shady Farouk | M4: Old | P4: Silvia_ANaguib | Q4: 46188.711 | R4: 15 | S4: 6 | T4: 2026 | U4: Pass | V4: Agent Level | W4: Old | Y4: 0 | Z4: 1 | AA4: 0 | AB4: 1 | AC4: 0 | AD4: 1 | AE4: 0 | AF4: 1 | AI4: No | AJ4: No | AT4: Valid | AX4: Technical client Relation | BC4: No
A5: 515580495 | B5: 17/06/2026 | C5: 17 | D5: 6 | E5: 2026 | F5: 0.43489583 | G5: 0.0030439815 | I5: 61142 | J5: Tatweer Misr | K5: 32767 | L5: Marwan Walid Reda | P5: Silvia_ANaguib | Q5: 46191.626 | R5: 18 | S5: 6 | T5: 2026 | U5: Pass | V5: Agent Level | Y5: 0 | Z5: 1 | AA5: 0 | AB5: 1 | AC5: 0 | AD5: 1 | AE5: 0 | AF5: 1 | AI5: No | AJ5: No | AT5: Valid | AX5: Client Relation | BC5: Yes
A6: 515013664 | B6: 46332 | C6: 11 | D6: 6 | E6: 2026 | F6: 0.62005787 | G6: 0.0048842593 | I6: 61132 | J6: Tatweer Misr | K6: 33277 | L6: Karim Magdy Hassan | M6: Old | P6: Silvia_ANaguib | Q6: 46185.766 | R6: 12 | S6: 6 | T6: 2026 | U6: Pass | V6: Agent Level | W6: Old | Y6: 0 | Z6: 1 | AA6: 0 | AB6: 1 | AC6: 0 | AD6: 1 | AE6: 1 | AF6: 0.875 | AI6: No | AJ6: Yes | AT6: Valid | AX6: Client Relation | BC6: No
A7: 515288065 | B7: 14/06/2026 | C7: 14 | D7: 6 | E7: 2026 | F7: 0.67179398 | G7: 0.001875 | I7: 61136 | J7: Tatweer Misr | K7: 33271 | L7: Mina Mahrous Samuel | M7: Old | P7: Silvia_ANaguib | Q7: 46188.741 | R7: 15 | S7: 6 | T7: 2026 | U7: Pass | V7: Agent Level | W7: Old | Y7: 0 | Z7: 1 | AA7: 0 | AB7: 1 | AC7: 0 | AD7: 1 | AE7: 0 | AF7: 1 | AI7: No | AJ7: No | AT7: Valid | AX7: Client Relation | BC7: No
A8: 515308820 | B8: 14/06/2026 | C8: 14 | D8: 6 | E8: 2026 | F8: 0.78024306 | G8: 0.0011805556 | I8: 61136 | J8: Tatweer Misr | K8: 33271 | L8: Mina Mahrous Samuel | M8: Old | P8: Silvia_ANaguib | Q8: 46188.618 | R8: 15 | S8: 6 | T8: 2026 | U8: Pass | V8: Agent Level | W8: Old | Y8: 0 | Z8: 1 | AA8: 0 | AB8: 1 | AC8: 0 | AD8: 1 | AE8: 0 | AF8: 1 | AI8: Yes | AJ8: No | AT8: NA | AX8: General Inquiry | BC8: No
A9: 514867960 | B9: 46301 | C9: 10 | D9: 6 | E9: 2026 | F9: 0.45792824 | G9: 0.0014583333 | I9: 61140 | J9: Tatweer Misr | K9: 31924 | L9: Nayera Mohamed Most | M9: Old | P9: Silvia_ANaguib | Q9: 46185.706 | R9: 12 | S9: 6 | T9: 2026 | U9: Pass | V9: Agent Level | W9: Old | Y9: 0 | Z9: 1 | AA9: 0 | AB9: 1 | AC9: 0 | AD9: 1 | AE9: 1 | AF9: 0.875 | AI9: No | AJ9: No | AT9: Valid | AX9: Client Relation | BC9: No
A10: 514861967 | B10: 46301 | C10: 10 | D10: 6 | E10: 2026 | F10: 0.42003472 | G10: 0.0031481481 | I10: 61124 | J10: Tatweer Misr | K10: 32962 | L10: Salma mohamed aly m | M10: Old | P10: Silvia_ANaguib | Q10: 46185.676 | R10: 12 | S10: 6 | T10: 2026 | U10: Pass | V10: Agent Level | W10: Old | Y10: 0 | Z10: 1 | AA10: 0 | AB10: 1 | AC10: 0 | AD10: 1 | AE10: 0 | AF10: 1 | AI10: No | AJ10: No | AT10: Valid | AX10: Technical client Relation | BC10: No
A11: 514871947 | B11: 46301 | C11: 10 | D11: 6 | E11: 2026 | F11: 0.4780787 | G11: 0.0021643519 | I11: 60510 | J11: Tatweer Misr | K11: 32462 | L11: Shahd Ashraf Muhame | M11: Old | P11: Silvia_ANaguib | Q11: 46185.702 | R11: 12 | S11: 6 | T11: 2026 | U11: Pass | V11: Agent Level | W11: Old | Y11: 0 | Z11: 1 | AA11: 0 | AB11: 1 | AC11: 0 | AD11: 1 | AE11: 0 | AF11: 1 | AI11: No | AJ11: No | AT11: Valid | AX11: Collection and Credit Control | BC11: No
A12: 514904778 | B12: 46301 | C12: 10 | D12: 6 | E12: 2026 | F12: 0.63818287 | G12: 0.0015625 | I12: 61141 | J12: Tatweer Misr | K12: 33270 | L12: Yasmeen Mohammed Ma | M12: Old | P12: Silvia_ANaguib | Q12: 46185.674 | R12: 12 | S12: 6 | T12: 2026 | U12: Pass | V12: Agent Level | W12: Old | Y12: 0 | Z12: 1 | AA12: 0 | AB12: 1 | AC12: 0 | AD12: 1 | AE12: 0 | AF12: 1 | AI12: No | AJ12: No | AT12: Valid | AX12: Resale | BC12: No
A13: 514741104 | B13: 46271 | C13: 9 | D13: 6 | E13: 2026 | F13: 0.13244213 | G13: 0.0015740741 | I13: 60505 | J13: Proper T | K13: 39025 | L13: Abdelrahman Sayed M | M13: Old | P13: Silvia_ANaguib | Q13: 46185.744 | R13: 12 | S13: 6 | T13: 2026 | U13: Pass | V13: Agent Level | W13: Old | Y13: 0 | Z13: 1 | AA13: 0 | AB13: 1 | AC13: 0 | AD13: 1 | AE13: 0 | AF13: 1 | AI13: No | AJ13: No | AT13: Valid | BC13: No
A14: 514842138 | B14: 46271 | C14: 9 | D14: 6 | E14: 2026 | F14: 0.94068287 | G14: 0.0045601852 | I14: 61133 | J14: Proper T | K14: 32760 | L14: Hussien Ahmed Moham | M14: Old | P14: Silvia_ANaguib | Q14: 46185.75 | R14: 12 | S14: 6 | T14: 2026 | U14: Fail | V14: Agent Level | W14: Old | Y14: 1 | Z14: 0 | AA14: 0 | AB14: 1 | AC14: 0 | AD14: 1 | AE14: 0 | AF14: 1 | AI14: No | AJ14: No | AT14: NA | BC14: No
A15: 514881390 | B15: 46301 | C15: 10 | D15: 6 | E15: 2026 | F15: 0.52431713 | G15: 0.0042824074 | I15: 61125 | J15: Proper T | K15: 32764 | L15: Aya Tullah Abdelkha | M15: Old | P15: Silvia_ANaguib | Q15: 46185.672 | R15: 12 | S15: 6 | T15: 2026 | U15: Pass | V15: Agent Level | W15: Old | Y15: 0 | Z15: 1 | AA15: 0 | AB15: 1 | AC15: 0 | AD15: 1 | AE15: 0 | AF15: 1 | AI15: No | AJ15: Yes | AT15: Valid | BC15: No
A16: 514888084 | B16: 46301 | C16: 10 | D16: 6 | E16: 2026 | F16: 0.5596875 | G16: 0.0013425926 | I16: 61137 | J16: Proper T | K16: 33279 | L16: Clair Maher Nageh | M16: Old | P16: Silvia_ANaguib | Q16: 46185.637 | R16: 12 | S16: 6 | T16: 2026 | U16: Pass | V16: Agent Level | W16: Old | Y16: 0 | Z16: 1 | AA16: 0 | AB16: 1 | AC16: 0 | AD16: 1 | AE16: 0 | AF16: 1 | AI16: No | AJ16: No | AT16: Valid | AX16: Electric Work | BC16: No
A17: 514970434 | B17: 46332 | C17: 11 | D17: 6 | E17: 2026 | F17: 0.4028125 | G17: 0.002037037 | I17: 61140 | J17: Proper T | K17: 31924 | L17: Nayera Mohamed Most | M17: Old | P17: Silvia_ANaguib | Q17: 46185.567 | R17: 12 | S17: 6 | T17: 2026 | U17: Pass | V17: Agent Level | W17: Old | Y17: 0 | Z17: 1 | AA17: 0 | AB17: 1 | AC17: 0 | AD17: 1 | AE17: 0 | AF17: 1 | AI17: No | AJ17: No | AT17: Valid | BC17: No
A18: 515017500 | B18: 46332 | C18: 11 | D18: 6 | E18: 2026 | F18: 0.64017361 | G18: 0.0011226852 | I18: 61132 | J18: Proper T | K18: 33277 | L18: Karim Magdy Hassan | M18: Old | P18: Silvia_ANaguib | Q18: 46185.565 | R18: 12 | S18: 6 | T18: 2026 | U18: Pass | V18: Agent Level | W18: Old | Y18: 0 | Z18: 1 | AA18: 0 | AB18: 1 | AC18: 0 | AD18: 1 | AE18: 0 | AF18: 1 | AI18: Yes | AJ18: No | AQ18: Client refused to give the unit number | AT18: NA | AX18: Housekeeping Service | BC18: No
A19: 515094054 | B19: 46362 | C19: 12 | D19: 6 | E19: 2026 | F19: 0.60979167 | G19: 0.0016203704 | I19: 60504 | J19: Proper T | K19: 39024 | L19: Rawan Hussien Mosta | M19: Not Certified | P19: Silvia_ANaguib | Q19: 46188.63 | R19: 15 | S19: 6 | T19: 2026 | U19: Pass | V19: Agent Level | W19: Not Certified | Y19: 0 | Z19: 1 | AA19: 0 | AB19: 1 | AC19: 0 | AD19: 1 | AE19: 0 | AF19: 1 | AI19: No | AJ19: Yes | AT19: NA | AX19: Housekeeping Service | BC19: No
A20: 515306969 | B20: 14/06/2026 | C20: 14 | D20: 6 | E20: 2026 | F20: 0.76796296 | G20: 0.0011574074 | I20: 61136 | J20: Proper T | K20: 33271 | L20: Mina Mahrous Samuel | M20: Old | P20: Silvia_ANaguib | Q20: 46188.748 | R20: 15 | S20: 6 | T20: 2026 | U20: Pass | V20: Agent Level | W20: Old | Y20: 0 | Z20: 1 | AA20: 0 | AB20: 1 | AC20: 0 | AD20: 1 | AE20: 0 | AF20: 1 | AI20: Yes | AJ20: No | AT20: NA | AX20: Housekeeping Service | BC20: No
A21: 515310714 | B21: 14/06/2026 | C21: 14 | D21: 6 | E21: 2026 | F21: 0.79226852 | G21: 0.0013194444 | I21: 61136 | J21: Proper T | K21: 33271 | L21: Mina Mahrous Samuel | M21: Old | P21: Silvia_ANaguib | Q21: 46188.613 | R21: 15 | S21: 6 | T21: 2026 | U21: Pass | V21: Agent Level | W21: Old | Y21: 0 | Z21: 1 | AA21: 0 | AB21: 1 | AC21: 0 | AD21: 1 | AE21: 0 | AF21: 1 | AI21: Yes | AJ21: No | AT21: NA | AX21: Housekeeping Service | BC21: No
A22: 515321269 | B22: 14/06/2026 | C22: 14 | D22: 6 | E22: 2026 | F22: 0.89298611 | G22: 0.00091435185 | I22: 61141 | J22: Proper T | K22: 33270 | L22: Yasmeen Mohammed Ma | M22: Old | P22: Silvia_ANaguib | Q22: 46188.747 | R22: 15 | S22: 6 | T22: 2026 | U22: Pass | V22: Skipped Agent Level | W22: Old | Y22: 0 | Z22: 1 | AA22: 0 | AB22: 1 | AC22: 0 | AD22: 1 | AE22: 0 | AF22: 1 | AI22: Yes | AJ22: No | AT22: NA | AX22: Housekeeping Service | BC22: No
A23: 515577668 | B23: 17/06/2026 | C23: 17 | D23: 6 | E23: 2026 | F23: 0.41644676 | G23: 0.001712963 | I23: 61141 | J23: Proper T | K23: 33270 | L23: Yasmeen Mohammed Ma | M23: Old | P23: Silvia_ANaguib | Q23: 46191.536 | R23: 18 | S23: 6 | T23: 2026 | U23: Pass | V23: Agent Level | W23: Old | Y23: 0 | Z23: 1 | AA23: 0 | AB23: 1 | AC23: 0 | AD23: 1 | AE23: 1 | AF23: 0.875 | AI23: No | AJ23: No | AT23: Valid | AX23: Plumbing Work | BC23: No
A24: 515598361 | B24: 17/06/2026 | C24: 17 | D24: 6 | E24: 2026 | F24: 0.52797454 | G24: 0.0012962963 | I24: 61122 | J24: Proper T | K24: 32747 | L24: Ahmed Reda Ahmed A | M24: Old | P24: Silvia_ANaguib | Q24: 46191.535 | R24: 18 | S24: 6 | T24: 2026 | U24: Pass | V24: Agent Level | W24: Old | Y24: 0 | Z24: 1 | AA24: 0 | AB24: 1 | AC24: 0 | AD24: 1 | AE24: 1 | AF24: 0.875 | AI24: No | AJ24: No | AT24: Valid | AX24: Plumbing Work | BC24: No
A25: 515622525 | B25: 17/06/2026 | C25: 17 | D25: 6 | E25: 2026 | F25: 0.63759259 | G25: 0.0039814815 | I25: 61139 | J25: Proper T | K25: 32754 | L25: Aya Osama Sayed Hu | M25: Old | P25: Silvia_ANaguib | Q25: 46191.613 | R25: 18 | S25: 6 | T25: 2026 | U25: Pass | V25: Agent Level | W25: Old | Y25: 0 | Z25: 1 | AA25: 0 | AB25: 1 | AC25: 0 | AD25: 1 | AE25: 0 | AF25: 1 | AI25: No | AJ25: Yes | AT25: Valid | AX25: Housekeeping Service | BC25: No
A26: 515648478 | B26: 17/06/2026 | C26: 17 | D26: 6 | E26: 2026 | F26: 0.76298611 | G26: 0.0022453704 | I26: 61122 | J26: Proper T | K26: 32747 | L26: Ahmed Reda Ahmed A | M26: Old | P26: Silvia_ANaguib | Q26: 46191.616 | R26: 18 | S26: 6 | T26: 2026 | U26: Pass | V26: Agent Level | W26: Old | Y26: 0 | Z26: 1 | AA26: 0 | AB26: 1 | AC26: 0 | AD26: 1 | AE26: 0 | AF26: 1 | AI26: No | AJ26: No | AT26: Valid | AX26: Plumbing Work | BC26: No

Sheet Adherence Omnia
T1: Tatweer Misr- Omnia Adherence | V1: W1 | W1: W2 | X1: W3 | Y1: W4 | Z1: Total
B2: QMS Que Name | C2: Tatweer Misr | D2: Tatweer Misr | E2: Tatweer Misr | F2: Agent Status | J2: Target | N2: Adherence | T2: Target | V2: =J16 -> 10 | W2: =K16 -> 10 | X2: =L16 -> 0 | Y2: =M16 -> 0 | Z2: =SUM(V2:Y2) -> 20
B3: Login ID | C3: Name | D3: Skill | E3: WFH/WFS | F3: W1 | G3: W2 | H3: W3 | I3: W4 | J3: W1 | K3: W2 | L3: W3 | M3: W4 | N3: W1 | O3: W2 | P3: W3 | Q3: W4 | R3: Total Adherence | T3: Adherence | V3: =N16 -> 0 | W3: =O16 -> 0 | X3: =P16 -> 0 | Y3: =Q16 -> 1 | Z3: =SUM(V3:Y3) -> 1
B4: 32462 | C4: Shahd Ashraf Muhamed Saber | D4: IB | E4: WFS | F4: Old/(OP-QA) | G4: Old/(OP-QA) | J4: =IFERROR(VLOOKUP(F4,DV!$D:$E,2,FALSE),0) -> 1 | K4: =IFERROR(VLOOKUP(G4,DV!$D:$E,2,FALSE),0) -> 1 | L4: =IFERROR(VLOOKUP(H4,DV!$D:$E,2,FALSE),0) -> 0 | M4: =IFERROR(VLOOKUP(I4,DV!$D:$E,2,FALSE),0) -> 0 | N4: =COUNTIFS(Week,'Adherence Omnia'!N$3,Agent_ID,'Adherence Omnia'!$B4,TargeType,"Agent Level",Queue,$C$2,DEP,"Operation") -> 0 | O4: =COUNTIFS(Week,'Adherence Omnia'!O$3,Agent_ID,'Adherence Omnia'!$B4,TargeType,"Agent Level",Queue,$C$2,DEP,"Operation") -> 0 | P4: =COUNTIFS(Week,'Adherence Omnia'!P$3,Agent_ID,'Adherence Omnia'!$B4,TargeType,"Agent Level",Queue,$C$2,DEP,"Operation") -> 0 | Q4: =COUNTIFS(Week,'Adherence Omnia'!Q$3,Agent_ID,'Adherence Omnia'!$B4,TargeType,"Agent Level",Queue,$C$2,DEP,"Operation") -> 1 | R4: =SUM(N4:Q4)>=SUM(J4:M4) -> FALSE | S4: =IFERROR(SUM(#REF!)/SUM(#REF!),"") | T4: ACH | V4: =IF(V2<>0,V3/V2,"") -> 0 | W4: =IF(W2<>0,W3/W2,"") -> 0 | X4: =IF(X2<>0,X3/X2,"") | Y4: =IF(Y2<>0,Y3/Y2,"") | Z4: =IF(Z2<>0,Z3/Z2,"") -> 0.05
B5: 33271 | C5: Mina Mahrous Samuel Salib | D5: IB | E5: WFS | F5: Old/(OP-QA) | G5: Old/(OP-QA) | J5: =IFERROR(VLOOKUP(F5,DV!$D:$E,2,FALSE),0) -> 1 | K5: =IFERROR(VLOOKUP(G5,DV!$D:$E,2,FALSE),0) -> 1 | L5: =IFERROR(VLOOKUP(H5,DV!$D:$E,2,FALSE),0) -> 0 | M5: =IFERROR(VLOOKUP(I5,DV!$D:$E,2,FALSE),0) -> 0 | N5: =COUNTIFS(Week,'Adherence Omnia'!N$3,Agent_ID,'Adherence Omnia'!$B5,TargeType,"Agent Level",Queue,$C$2,DEP,"Operation") -> 0 | O5: =COUNTIFS(Week,'Adherence Omnia'!O$3,Agent_ID,'Adherence Omnia'!$B5,TargeType,"Agent Level",Queue,$C$2,DEP,"Operation") -> 0 | P5: =COUNTIFS(Week,'Adherence Omnia'!P$3,Agent_ID,'Adherence Omnia'!$B5,TargeType,"Agent Level",Queue,$C$2,DEP,"Operation") -> 0 | Q5: =COUNTIFS(Week,'Adherence Omnia'!Q$3,Agent_ID,'Adherence Omnia'!$B5,TargeType,"Agent Level",Queue,$C$2,DEP,"Operation") -> 0 | R5: =SUM(N5:Q5)>=SUM(J5:M5) -> FALSE | S5: =IFERROR(SUM(N4:Q4)/SUM(J4:M4),"") -> 0.5
B6: 32760 | C6: Hussien Ahmed Mohamed Salah El Deen | D6: IB | E6: WFS | F6: Old/(OP-QA) | G6: Old/(OP-QA) | J6: =IFERROR(VLOOKUP(F6,DV!$D:$E,2,FALSE),0) -> 1 | K6: =IFERROR(VLOOKUP(G6,DV!$D:$E,2,FALSE),0) -> 1 | L6: =IFERROR(VLOOKUP(H6,DV!$D:$E,2,FALSE),0) -> 0 | M6: =IFERROR(VLOOKUP(I6,DV!$D:$E,2,FALSE),0) -> 0 | N6: =COUNTIFS(Week,'Adherence Omnia'!N$3,Agent_ID,'Adherence Omnia'!$B6,TargeType,"Agent Level",Queue,$C$2,DEP,"Operation") -> 0 | O6: =COUNTIFS(Week,'Adherence Omnia'!O$3,Agent_ID,'Adherence Omnia'!$B6,TargeType,"Agent Level",Queue,$C$2,DEP,"Operation") -> 0 | P6: =COUNTIFS(Week,'Adherence Omnia'!P$3,Agent_ID,'Adherence Omnia'!$B6,TargeType,"Agent Level",Queue,$C$2,DEP,"Operation") -> 0 | Q6: =COUNTIFS(Week,'Adherence Omnia'!Q$3,Agent_ID,'Adherence Omnia'!$B6,TargeType,"Agent Level",Queue,$C$2,DEP,"Operation") -> 0 | R6: =SUM(N6:Q6)>=SUM(J6:M6) -> FALSE | S6: =IFERROR(SUM(N5:Q5)/SUM(J5:M5),"") -> 0
B7: 31924 | C7: Nayera Mohamed Mostafa Amaar | D7: IB | E7: WFS | F7: Old/(OP-QA) | G7: Old/(OP-QA) | J7: =IFERROR(VLOOKUP(F7,DV!$D:$E,2,FALSE),0) -> 1 | K7: =IFERROR(VLOOKUP(G7,DV!$D:$E,2,FALSE),0) -> 1 | L7: =IFERROR(VLOOKUP(H7,DV!$D:$E,2,FALSE),0) -> 0 | M7: =IFERROR(VLOOKUP(I7,DV!$D:$E,2,FALSE),0) -> 0 | N7: =COUNTIFS(Week,'Adherence Omnia'!N$3,Agent_ID,'Adherence Omnia'!$B7,TargeType,"Agent Level",Queue,$C$2,DEP,"Operation") -> 0 | O7: =COUNTIFS(Week,'Adherence Omnia'!O$3,Agent_ID,'Adherence Omnia'!$B7,TargeType,"Agent Level",Queue,$C$2,DEP,"Operation") -> 0 | P7: =COUNTIFS(Week,'Adherence Omnia'!P$3,Agent_ID,'Adherence Omnia'!$B7,TargeType,"Agent Level",Queue,$C$2,DEP,"Operation") -> 0 | Q7: =COUNTIFS(Week,'Adherence Omnia'!Q$3,Agent_ID,'Adherence Omnia'!$B7,TargeType,"Agent Level",Queue,$C$2,DEP,"Operation") -> 0 | R7: =SUM(N7:Q7)>=SUM(J7:M7) -> FALSE | S7: =IFERROR(SUM(#REF!)/SUM(#REF!),"")
B8: 33279 | C8: Clair Maher Nageh | D8: IB | E8: WFS | F8: Old/(OP-QA) | G8: Old/(OP-QA) | J8: =IFERROR(VLOOKUP(F8,DV!$D:$E,2,FALSE),0) -> 1 | K8: =IFERROR(VLOOKUP(G8,DV!$D:$E,2,FALSE),0) -> 1 | L8: =IFERROR(VLOOKUP(H8,DV!$D:$E,2,FALSE),0) -> 0 | M8: =IFERROR(VLOOKUP(I8,DV!$D:$E,2,FALSE),0) -> 0 | N8: =COUNTIFS(Week,'Adherence Omnia'!N$3,Agent_ID,'Adherence Omnia'!$B8,TargeType,"Agent Level",Queue,$C$2,DEP,"Operation") -> 0 | O8: =COUNTIFS(Week,'Adherence Omnia'!O$3,Agent_ID,'Adherence Omnia'!$B8,TargeType,"Agent Level",Queue,$C$2,DEP,"Operation") -> 0 | P8: =COUNTIFS(Week,'Adherence Omnia'!P$3,Agent_ID,'Adherence Omnia'!$B8,TargeType,"Agent Level",Queue,$C$2,DEP,"Operation") -> 0 | Q8: =COUNTIFS(Week,'Adherence Omnia'!Q$3,Agent_ID,'Adherence Omnia'!$B8,TargeType,"Agent Level",Queue,$C$2,DEP,"Operation") -> 0 | R8: =SUM(N8:Q8)>=SUM(J8:M8) -> FALSE | S8: =IFERROR(SUM(N7:Q7)/SUM(J7:M7),"") -> 0
B9: 39025 | C9: Abdelrahman Sayed M | D9: IB | E9: WFS | F9: Old/(OP-QA) | G9: Old/(OP-QA) | J9: =IFERROR(VLOOKUP(F9,DV!$D:$E,2,FALSE),0) -> 1 | K9: =IFERROR(VLOOKUP(G9,DV!$D:$E,2,FALSE),0) -> 1 | L9: =IFERROR(VLOOKUP(H9,DV!$D:$E,2,FALSE),0) -> 0 | M9: =IFERROR(VLOOKUP(I9,DV!$D:$E,2,FALSE),0) -> 0 | N9: =COUNTIFS(Week,'Adherence Omnia'!N$3,Agent_ID,'Adherence Omnia'!$B9,TargeType,"Agent Level",Queue,$C$2,DEP,"Operation") -> 0 | O9: =COUNTIFS(Week,'Adherence Omnia'!O$3,Agent_ID,'Adherence Omnia'!$B9,TargeType,"Agent Level",Queue,$C$2,DEP,"Operation") -> 0 | P9: =COUNTIFS(Week,'Adherence Omnia'!P$3,Agent_ID,'Adherence Omnia'!$B9,TargeType,"Agent Level",Queue,$C$2,DEP,"Operation") -> 0 | Q9: =COUNTIFS(Week,'Adherence Omnia'!Q$3,Agent_ID,'Adherence Omnia'!$B9,TargeType,"Agent Level",Queue,$C$2,DEP,"Operation") -> 0 | R9: =SUM(N9:Q9)>=SUM(J9:M9) -> FALSE | S9: =IFERROR(SUM(N8:Q8)/SUM(J8:M8),"") -> 0
B10: 32754 | C10: Aya Ossama Sayed El Tourk | D10: IB | E10: WFS | F10: New/(OP-QA) | G10: New/(OP-QA) | J10: =IFERROR(VLOOKUP(F10,DV!$D:$E,2,FALSE),0) -> 2 | K10: =IFERROR(VLOOKUP(G10,DV!$D:$E,2,FALSE),0) -> 2 | L10: =IFERROR(VLOOKUP(H10,DV!$D:$E,2,FALSE),0) -> 0 | M10: =IFERROR(VLOOKUP(I10,DV!$D:$E,2,FALSE),0) -> 0 | N10: =COUNTIFS(Week,'Adherence Omnia'!N$3,Agent_ID,'Adherence Omnia'!$B10,TargeType,"Agent Level",Queue,$C$2,DEP,"Operation") -> 0 | O10: =COUNTIFS(Week,'Adherence Omnia'!O$3,Agent_ID,'Adherence Omnia'!$B10,TargeType,"Agent Level",Queue,$C$2,DEP,"Operation") -> 0 | P10: =COUNTIFS(Week,'Adherence Omnia'!P$3,Agent_ID,'Adherence Omnia'!$B10,TargeType,"Agent Level",Queue,$C$2,DEP,"Operation") -> 0 | Q10: =COUNTIFS(Week,'Adherence Omnia'!Q$3,Agent_ID,'Adherence Omnia'!$B10,TargeType,"Agent Level",Queue,$C$2,DEP,"Operation") -> 0 | R10: =SUM(N10:Q10)>=SUM(J10:M10) -> FALSE
B11: 32785 | C11: Yusuf Mustafa Ahmed Ahmed | D11: IB | E11: WFS | F11: New/(OP-QA) | G11: New/(OP-QA) | J11: =IFERROR(VLOOKUP(F11,DV!$D:$E,2,FALSE),0) -> 2 | K11: =IFERROR(VLOOKUP(G11,DV!$D:$E,2,FALSE),0) -> 2 | L11: =IFERROR(VLOOKUP(H11,DV!$D:$E,2,FALSE),0) -> 0 | M11: =IFERROR(VLOOKUP(I11,DV!$D:$E,2,FALSE),0) -> 0 | N11: =COUNTIFS(Week,'Adherence Omnia'!N$3,Agent_ID,'Adherence Omnia'!$B11,TargeType,"Agent Level",Queue,$C$2,DEP,"Operation") -> 0 | O11: =COUNTIFS(Week,'Adherence Omnia'!O$3,Agent_ID,'Adherence Omnia'!$B11,TargeType,"Agent Level",Queue,$C$2,DEP,"Operation") -> 0 | P11: =COUNTIFS(Week,'Adherence Omnia'!P$3,Agent_ID,'Adherence Omnia'!$B11,TargeType,"Agent Level",Queue,$C$2,DEP,"Operation") -> 0 | Q11: =COUNTIFS(Week,'Adherence Omnia'!Q$3,Agent_ID,'Adherence Omnia'!$B11,TargeType,"Agent Level",Queue,$C$2,DEP,"Operation") -> 0 | R11: =SUM(N11:Q11)>=SUM(J11:M11) -> FALSE
J12: =IFERROR(VLOOKUP(F12,DV!$D:$E,2,FALSE),0) -> 0 | K12: =IFERROR(VLOOKUP(G12,DV!$D:$E,2,FALSE),0) -> 0 | L12: =IFERROR(VLOOKUP(H12,DV!$D:$E,2,FALSE),0) -> 0 | M12: =IFERROR(VLOOKUP(I12,DV!$D:$E,2,FALSE),0) -> 0 | N12: =COUNTIFS(Week,'Adherence Omnia'!N$3,Agent_ID,'Adherence Omnia'!$B12,TargeType,"Agent Level",Queue,$C$2,DEP,"Operation") -> 0 | O12: =COUNTIFS(Week,'Adherence Omnia'!O$3,Agent_ID,'Adherence Omnia'!$B12,TargeType,"Agent Level",Queue,$C$2,DEP,"Operation") -> 0 | P12: =COUNTIFS(Week,'Adherence Omnia'!P$3,Agent_ID,'Adherence Omnia'!$B12,TargeType,"Agent Level",Queue,$C$2,DEP,"Operation") -> 0 | Q12: =COUNTIFS(Week,'Adherence Omnia'!Q$3,Agent_ID,'Adherence Omnia'!$B12,TargeType,"Agent Level",Queue,$C$2,DEP,"Operation") -> 0 | R12: =SUM(N12:Q12)>=SUM(J12:M12) -> TRUE
J13: =IFERROR(VLOOKUP(F13,DV!$D:$E,2,FALSE),0) -> 0 | K13: =IFERROR(VLOOKUP(G13,DV!$D:$E,2,FALSE),0) -> 0 | L13: =IFERROR(VLOOKUP(H13,DV!$D:$E,2,FALSE),0) -> 0 | M13: =IFERROR(VLOOKUP(I13,DV!$D:$E,2,FALSE),0) -> 0 | N13: =COUNTIFS(Week,'Adherence Omnia'!N$3,Agent_ID,'Adherence Omnia'!$B13,TargeType,"Agent Level",Queue,$C$2,DEP,"Operation") -> 0 | O13: =COUNTIFS(Week,'Adherence Omnia'!O$3,Agent_ID,'Adherence Omnia'!$B13,TargeType,"Agent Level",Queue,$C$2,DEP,"Operation") -> 0 | P13: =COUNTIFS(Week,'Adherence Omnia'!P$3,Agent_ID,'Adherence Omnia'!$B13,TargeType,"Agent Level",Queue,$C$2,DEP,"Operation") -> 0 | Q13: =COUNTIFS(Week,'Adherence Omnia'!Q$3,Agent_ID,'Adherence Omnia'!$B13,TargeType,"Agent Level",Queue,$C$2,DEP,"Operation") -> 0 | R13: =SUM(N13:Q13)>=SUM(J13:M13) -> TRUE
J14: =IFERROR(VLOOKUP(F14,DV!$D:$E,2,FALSE),0) -> 0 | K14: =IFERROR(VLOOKUP(G14,DV!$D:$E,2,FALSE),0) -> 0 | L14: =IFERROR(VLOOKUP(H14,DV!$D:$E,2,FALSE),0) -> 0 | M14: =IFERROR(VLOOKUP(I14,DV!$D:$E,2,FALSE),0) -> 0 | N14: =COUNTIFS(Week,'Adherence Omnia'!N$3,Agent_ID,'Adherence Omnia'!$B14,TargeType,"Agent Level",Queue,$C$2,DEP,"Operation") -> 0 | O14: =COUNTIFS(Week,'Adherence Omnia'!O$3,Agent_ID,'Adherence Omnia'!$B14,TargeType,"Agent Level",Queue,$C$2,DEP,"Operation") -> 0 | P14: =COUNTIFS(Week,'Adherence Omnia'!P$3,Agent_ID,'Adherence Omnia'!$B14,TargeType,"Agent Level",Queue,$C$2,DEP,"Operation") -> 0 | Q14: =COUNTIFS(Week,'Adherence Omnia'!Q$3,Agent_ID,'Adherence Omnia'!$B14,TargeType,"Agent Level",Queue,$C$2,DEP,"Operation") -> 0 | R14: =SUM(N14:Q14)>=SUM(J14:M14) -> TRUE
J15: =IFERROR(VLOOKUP(F15,DV!$D:$E,2,FALSE),0) -> 0 | K15: =IFERROR(VLOOKUP(G15,DV!$D:$E,2,FALSE),0) -> 0 | L15: =IFERROR(VLOOKUP(H15,DV!$D:$E,2,FALSE),0) -> 0 | M15: =IFERROR(VLOOKUP(I15,DV!$D:$E,2,FALSE),0) -> 0 | N15: =COUNTIFS(Week,'Adherence Omnia'!N$3,Agent_ID,'Adherence Omnia'!$B15,TargeType,"Agent Level",Queue,$C$2,DEP,"Operation") -> 0 | O15: =COUNTIFS(Week,'Adherence Omnia'!O$3,Agent_ID,'Adherence Omnia'!$B15,TargeType,"Agent Level",Queue,$C$2,DEP,"Operation") -> 0 | P15: =COUNTIFS(Week,'Adherence Omnia'!P$3,Agent_ID,'Adherence Omnia'!$B15,TargeType,"Agent Level",Queue,$C$2,DEP,"Operation") -> 0 | Q15: =COUNTIFS(Week,'Adherence Omnia'!Q$3,Agent_ID,'Adherence Omnia'!$B15,TargeType,"Agent Level",Queue,$C$2,DEP,"Operation") -> 0 | R15: =SUM(N15:Q15)>=SUM(J15:M15) -> TRUE | S15: =IFERROR(SUM(N9:Q9)/SUM(J9:M9),"") -> 0
B16: Total | J16: =SUM(J4:J15) -> 10 | K16: =SUM(K4:K15) -> 10 | L16: =SUM(L4:L15) -> 0 | M16: =SUM(M4:M15) -> 0 | N16: =SUM(N4:N15) -> 0 | O16: =SUM(O4:O15) -> 0 | P16: =SUM(P4:P15) -> 0 | Q16: =SUM(Q4:Q15) -> 1 | S16: =IFERROR(SUM(N16:Q16)/SUM(J16:M16),"") -> 0.05
T18: Proper T- Omnia Adherence | V18: W1 | W18: W2 | X18: W3 | Y18: W4 | Z18: Total
T19: Target | V19: =J37 -> 6 | W19: =K37 -> 6 | X19: =L37 -> 0 | Y19: =M37 -> 0 | Z19: =SUM(V19:Y19) -> 12
T20: Adherence | V20: =N37 -> 0 | W20: =O37 -> 0 | X20: =P37 -> 0 | Y20: =Q37 -> 0 | Z20: =SUM(V20:Y20) -> 0
T21: ACH | V21: =IF(V19<>0,V20/V19,"") -> 0 | W21: =IF(W19<>0,W20/W19,"") -> 0 | X21: =IF(X19<>0,X20/X19,"") | Y21: =IF(Y19<>0,Y20/Y19,"") | Z21: =IF(Z19<>0,Z20/Z19,"") -> 0
B23: QMS Que Name | C23: Proper T | F23: Agent Status | J23: Target | N23: Adherence
B24: Login ID | C24: Name | D24: Skill | E24: WFH/WFS | F24: W1 | G24: W2 | H24: W3 | I24: W4 | J24: W1 | K24: W2 | L24: W3 | M24: W4 | N24: W1 | O24: W2 | P24: W3 | Q24: W4 | R24: Total Adherence
B25: 32462 | C25: Shahd Ashraf Muhamed Saber | D25: IB | E25: WFS | F25: Old/(OP-QA) | G25: Old/(OP-QA) | J25: =IFERROR(VLOOKUP(F25,DV!$D:$E,2,FALSE),0) -> 1 | K25: =IFERROR(VLOOKUP(G25,DV!$D:$E,2,FALSE),0) -> 1 | L25: =IFERROR(VLOOKUP(H25,DV!$D:$E,2,FALSE),0) -> 0 | M25: =IFERROR(VLOOKUP(I25,DV!$D:$E,2,FALSE),0) -> 0 | N25: =COUNTIFS(Week,'Adherence Omnia'!N$3,Agent_ID,'Adherence Omnia'!$B25,TargeType,"Agent Level",Queue,$C$23,DEP,"Operation") -> 0 | O25: =COUNTIFS(Week,'Adherence Omnia'!O$3,Agent_ID,'Adherence Omnia'!$B25,TargeType,"Agent Level",Queue,$C$23,DEP,"Operation") -> 0 | P25: =COUNTIFS(Week,'Adherence Omnia'!P$3,Agent_ID,'Adherence Omnia'!$B25,TargeType,"Agent Level",Queue,$C$23,DEP,"Operation") -> 0 | Q25: =COUNTIFS(Week,'Adherence Omnia'!Q$3,Agent_ID,'Adherence Omnia'!$B25,TargeType,"Agent Level",Queue,$C$23,DEP,"Operation") -> 0 | R25: =SUM(N25:Q25)>=SUM(J25:M25) -> FALSE
B26: 33271 | C26: Mina Mahrous Samuel Salib | D26: IB | E26: WFS | F26: Old/(OP-QA) | G26: Old/(OP-QA) | J26: =IFERROR(VLOOKUP(F26,DV!$D:$E,2,FALSE),0) -> 1 | K26: =IFERROR(VLOOKUP(G26,DV!$D:$E,2,FALSE),0) -> 1 | L26: =IFERROR(VLOOKUP(H26,DV!$D:$E,2,FALSE),0) -> 0 | M26: =IFERROR(VLOOKUP(I26,DV!$D:$E,2,FALSE),0) -> 0 | N26: =COUNTIFS(Week,'Adherence Omnia'!N$3,Agent_ID,'Adherence Omnia'!$B26,TargeType,"Agent Level",Queue,$C$23,DEP,"Operation") -> 0 | O26: =COUNTIFS(Week,'Adherence Omnia'!O$3,Agent_ID,'Adherence Omnia'!$B26,TargeType,"Agent Level",Queue,$C$23,DEP,"Operation") -> 0 | P26: =COUNTIFS(Week,'Adherence Omnia'!P$3,Agent_ID,'Adherence Omnia'!$B26,TargeType,"Agent Level",Queue,$C$23,DEP,"Operation") -> 0 | Q26: =COUNTIFS(Week,'Adherence Omnia'!Q$3,Agent_ID,'Adherence Omnia'!$B26,TargeType,"Agent Level",Queue,$C$23,DEP,"Operation") -> 0 | R26: =SUM(N26:Q26)>=SUM(J26:M26) -> FALSE | S26: =IFERROR(SUM(#REF!)/SUM(#REF!),"")
B27: 32760 | C27: Hussien Ahmed Mohamed Salah El Deen | D27: IB | E27: WFS | F27: Old/(OP-QA) | G27: Old/(OP-QA) | J27: =IFERROR(VLOOKUP(F27,DV!$D:$E,2,FALSE),0) -> 1 | K27: =IFERROR(VLOOKUP(G27,DV!$D:$E,2,FALSE),0) -> 1 | L27: =IFERROR(VLOOKUP(H27,DV!$D:$E,2,FALSE),0) -> 0 | M27: =IFERROR(VLOOKUP(I27,DV!$D:$E,2,FALSE),0) -> 0 | N27: =COUNTIFS(Week,'Adherence Omnia'!N$3,Agent_ID,'Adherence Omnia'!$B27,TargeType,"Agent Level",Queue,$C$23,DEP,"Operation") -> 0 | O27: =COUNTIFS(Week,'Adherence Omnia'!O$3,Agent_ID,'Adherence Omnia'!$B27,TargeType,"Agent Level",Queue,$C$23,DEP,"Operation") -> 0 | P27: =COUNTIFS(Week,'Adherence Omnia'!P$3,Agent_ID,'Adherence Omnia'!$B27,TargeType,"Agent Level",Queue,$C$23,DEP,"Operation") -> 0 | Q27: =COUNTIFS(Week,'Adherence Omnia'!Q$3,Agent_ID,'Adherence Omnia'!$B27,TargeType,"Agent Level",Queue,$C$23,DEP,"Operation") -> 0 | R27: =SUM(N27:Q27)>=SUM(J27:M27) -> FALSE | S27: =IFERROR(SUM(N25:Q25)/SUM(J25:M25),"") -> 0
B28: 31924 | C28: Nayera Mohamed Mostafa Amaar | D28: IB | E28: WFS | F28: Old/(OP-QA) | G28: Old/(OP-QA) | J28: =IFERROR(VLOOKUP(F28,DV!$D:$E,2,FALSE),0) -> 1 | K28: =IFERROR(VLOOKUP(G28,DV!$D:$E,2,FALSE),0) -> 1 | L28: =IFERROR(VLOOKUP(H28,DV!$D:$E,2,FALSE),0) -> 0 | M28: =IFERROR(VLOOKUP(I28,DV!$D:$E,2,FALSE),0) -> 0 | N28: =COUNTIFS(Week,'Adherence Omnia'!N$3,Agent_ID,'Adherence Omnia'!$B28,TargeType,"Agent Level",Queue,$C$23,DEP,"Operation") -> 0 | O28: =COUNTIFS(Week,'Adherence Omnia'!O$3,Agent_ID,'Adherence Omnia'!$B28,TargeType,"Agent Level",Queue,$C$23,DEP,"Operation") -> 0 | P28: =COUNTIFS(Week,'Adherence Omnia'!P$3,Agent_ID,'Adherence Omnia'!$B28,TargeType,"Agent Level",Queue,$C$23,DEP,"Operation") -> 0 | Q28: =COUNTIFS(Week,'Adherence Omnia'!Q$3,Agent_ID,'Adherence Omnia'!$B28,TargeType,"Agent Level",Queue,$C$23,DEP,"Operation") -> 0 | R28: =SUM(N28:Q28)>=SUM(J28:M28) -> FALSE | S28: =IFERROR(SUM(N27:Q27)/SUM(J27:M27),"") -> 0
B29: 33279 | C29: Clair Maher Nageh | D29: IB | E29: WFS | F29: Old/(OP-QA) | G29: Old/(OP-QA) | J29: =IFERROR(VLOOKUP(F29,DV!$D:$E,2,FALSE),0) -> 1 | K29: =IFERROR(VLOOKUP(G29,DV!$D:$E,2,FALSE),0) -> 1 | L29: =IFERROR(VLOOKUP(H29,DV!$D:$E,2,FALSE),0) -> 0 | M29: =IFERROR(VLOOKUP(I29,DV!$D:$E,2,FALSE),0) -> 0 | N29: =COUNTIFS(Week,'Adherence Omnia'!N$3,Agent_ID,'Adherence Omnia'!$B29,TargeType,"Agent Level",Queue,$C$23,DEP,"Operation") -> 0 | O29: =COUNTIFS(Week,'Adherence Omnia'!O$3,Agent_ID,'Adherence Omnia'!$B29,TargeType,"Agent Level",Queue,$C$23,DEP,"Operation") -> 0 | P29: =COUNTIFS(Week,'Adherence Omnia'!P$3,Agent_ID,'Adherence Omnia'!$B29,TargeType,"Agent Level",Queue,$C$23,DEP,"Operation") -> 0 | Q29: =COUNTIFS(Week,'Adherence Omnia'!Q$3,Agent_ID,'Adherence Omnia'!$B29,TargeType,"Agent Level",Queue,$C$23,DEP,"Operation") -> 0 | R29: =SUM(N29:Q29)>=SUM(J29:M29) -> FALSE | S29: =IFERROR(SUM(#REF!)/SUM(#REF!),"")
B30: 39025 | C30: Abdelrahman Sayed M | D30: IB | E30: WFS | F30: Old/(OP-QA) | G30: Old/(OP-QA) | J30: =IFERROR(VLOOKUP(F30,DV!$D:$E,2,FALSE),0) -> 1 | K30: =IFERROR(VLOOKUP(G30,DV!$D:$E,2,FALSE),0) -> 1 | L30: =IFERROR(VLOOKUP(H30,DV!$D:$E,2,FALSE),0) -> 0 | M30: =IFERROR(VLOOKUP(I30,DV!$D:$E,2,FALSE),0) -> 0 | N30: =COUNTIFS(Week,'Adherence Omnia'!N$3,Agent_ID,'Adherence Omnia'!$B30,TargeType,"Agent Level",Queue,$C$23,DEP,"Operation") -> 0 | O30: =COUNTIFS(Week,'Adherence Omnia'!O$3,Agent_ID,'Adherence Omnia'!$B30,TargeType,"Agent Level",Queue,$C$23,DEP,"Operation") -> 0 | P30: =COUNTIFS(Week,'Adherence Omnia'!P$3,Agent_ID,'Adherence Omnia'!$B30,TargeType,"Agent Level",Queue,$C$23,DEP,"Operation") -> 0 | Q30: =COUNTIFS(Week,'Adherence Omnia'!Q$3,Agent_ID,'Adherence Omnia'!$B30,TargeType,"Agent Level",Queue,$C$23,DEP,"Operation") -> 0 | R30: =SUM(N30:Q30)>=SUM(J30:M30) -> FALSE | S30: =IFERROR(SUM(N28:Q28)/SUM(J28:M28),"") -> 0
J31: =IFERROR(VLOOKUP(F31,DV!$D:$E,2,FALSE),0) -> 0 | K31: =IFERROR(VLOOKUP(G31,DV!$D:$E,2,FALSE),0) -> 0 | L31: =IFERROR(VLOOKUP(H31,DV!$D:$E,2,FALSE),0) -> 0 | M31: =IFERROR(VLOOKUP(I31,DV!$D:$E,2,FALSE),0) -> 0 | N31: =COUNTIFS(Week,'Adherence Omnia'!N$3,Agent_ID,'Adherence Omnia'!$B31,TargeType,"Agent Level",Queue,$C$23,DEP,"Operation") -> 0 | O31: =COUNTIFS(Week,'Adherence Omnia'!O$3,Agent_ID,'Adherence Omnia'!$B31,TargeType,"Agent Level",Queue,$C$23,DEP,"Operation") -> 0 | P31: =COUNTIFS(Week,'Adherence Omnia'!P$3,Agent_ID,'Adherence Omnia'!$B31,TargeType,"Agent Level",Queue,$C$23,DEP,"Operation") -> 0 | Q31: =COUNTIFS(Week,'Adherence Omnia'!Q$3,Agent_ID,'Adherence Omnia'!$B31,TargeType,"Agent Level",Queue,$C$23,DEP,"Operation") -> 0 | R31: =SUM(N31:Q31)>=SUM(J31:M31) -> TRUE
J32: =IFERROR(VLOOKUP(F32,DV!$D:$E,2,FALSE),0) -> 0 | K32: =IFERROR(VLOOKUP(G32,DV!$D:$E,2,FALSE),0) -> 0 | L32: =IFERROR(VLOOKUP(H32,DV!$D:$E,2,FALSE),0) -> 0 | M32: =IFERROR(VLOOKUP(I32,DV!$D:$E,2,FALSE),0) -> 0 | N32: =COUNTIFS(Week,'Adherence Omnia'!N$3,Agent_ID,'Adherence Omnia'!$B32,TargeType,"Agent Level",Queue,$C$23,DEP,"Operation") -> 0 | O32: =COUNTIFS(Week,'Adherence Omnia'!O$3,Agent_ID,'Adherence Omnia'!$B32,TargeType,"Agent Level",Queue,$C$23,DEP,"Operation") -> 0 | P32: =COUNTIFS(Week,'Adherence Omnia'!P$3,Agent_ID,'Adherence Omnia'!$B32,TargeType,"Agent Level",Queue,$C$23,DEP,"Operation") -> 0 | Q32: =COUNTIFS(Week,'Adherence Omnia'!Q$3,Agent_ID,'Adherence Omnia'!$B32,TargeType,"Agent Level",Queue,$C$23,DEP,"Operation") -> 0 | R32: =SUM(N32:Q32)>=SUM(J32:M32) -> TRUE
J33: =IFERROR(VLOOKUP(F33,DV!$D:$E,2,FALSE),0) -> 0 | K33: =IFERROR(VLOOKUP(G33,DV!$D:$E,2,FALSE),0) -> 0 | L33: =IFERROR(VLOOKUP(H33,DV!$D:$E,2,FALSE),0) -> 0 | M33: =IFERROR(VLOOKUP(I33,DV!$D:$E,2,FALSE),0) -> 0 | N33: =COUNTIFS(Week,'Adherence Omnia'!N$3,Agent_ID,'Adherence Omnia'!$B33,TargeType,"Agent Level",Queue,$C$23,DEP,"Operation") -> 0 | O33: =COUNTIFS(Week,'Adherence Omnia'!O$3,Agent_ID,'Adherence Omnia'!$B33,TargeType,"Agent Level",Queue,$C$23,DEP,"Operation") -> 0 | P33: =COUNTIFS(Week,'Adherence Omnia'!P$3,Agent_ID,'Adherence Omnia'!$B33,TargeType,"Agent Level",Queue,$C$23,DEP,"Operation") -> 0 | Q33: =COUNTIFS(Week,'Adherence Omnia'!Q$3,Agent_ID,'Adherence Omnia'!$B33,TargeType,"Agent Level",Queue,$C$23,DEP,"Operation") -> 0 | R33: =SUM(N33:Q33)>=SUM(J33:M33) -> TRUE
J34: =IFERROR(VLOOKUP(F34,DV!$D:$E,2,FALSE),0) -> 0 | K34: =IFERROR(VLOOKUP(G34,DV!$D:$E,2,FALSE),0) -> 0 | L34: =IFERROR(VLOOKUP(H34,DV!$D:$E,2,FALSE),0) -> 0 | M34: =IFERROR(VLOOKUP(I34,DV!$D:$E,2,FALSE),0) -> 0 | N34: =COUNTIFS(Week,'Adherence Omnia'!N$3,Agent_ID,'Adherence Omnia'!$B34,TargeType,"Agent Level",Queue,$C$23,DEP,"Operation") -> 0 | O34: =COUNTIFS(Week,'Adherence Omnia'!O$3,Agent_ID,'Adherence Omnia'!$B34,TargeType,"Agent Level",Queue,$C$23,DEP,"Operation") -> 0 | P34: =COUNTIFS(Week,'Adherence Omnia'!P$3,Agent_ID,'Adherence Omnia'!$B34,TargeType,"Agent Level",Queue,$C$23,DEP,"Operation") -> 0 | Q34: =COUNTIFS(Week,'Adherence Omnia'!Q$3,Agent_ID,'Adherence Omnia'!$B34,TargeType,"Agent Level",Queue,$C$23,DEP,"Operation") -> 0 | R34: =SUM(N34:Q34)>=SUM(J34:M34) -> TRUE
J35: =IFERROR(VLOOKUP(F35,DV!$D:$E,2,FALSE),0) -> 0 | K35: =IFERROR(VLOOKUP(G35,DV!$D:$E,2,FALSE),0) -> 0 | L35: =IFERROR(VLOOKUP(H35,DV!$D:$E,2,FALSE),0) -> 0 | M35: =IFERROR(VLOOKUP(I35,DV!$D:$E,2,FALSE),0) -> 0 | N35: =COUNTIFS(Week,'Adherence Omnia'!N$3,Agent_ID,'Adherence Omnia'!$B35,TargeType,"Agent Level",Queue,$C$23,DEP,"Operation") -> 0 | O35: =COUNTIFS(Week,'Adherence Omnia'!O$3,Agent_ID,'Adherence Omnia'!$B35,TargeType,"Agent Level",Queue,$C$23,DEP,"Operation") -> 0 | P35: =COUNTIFS(Week,'Adherence Omnia'!P$3,Agent_ID,'Adherence Omnia'!$B35,TargeType,"Agent Level",Queue,$C$23,DEP,"Operation") -> 0 | Q35: =COUNTIFS(Week,'Adherence Omnia'!Q$3,Agent_ID,'Adherence Omnia'!$B35,TargeType,"Agent Level",Queue,$C$23,DEP,"Operation") -> 0 | R35: =SUM(N35:Q35)>=SUM(J35:M35) -> TRUE
J36: =IFERROR(VLOOKUP(F36,DV!$D:$E,2,FALSE),0) -> 0 | K36: =IFERROR(VLOOKUP(G36,DV!$D:$E,2,FALSE),0) -> 0 | L36: =IFERROR(VLOOKUP(H36,DV!$D:$E,2,FALSE),0) -> 0 | M36: =IFERROR(VLOOKUP(I36,DV!$D:$E,2,FALSE),0) -> 0 | N36: =COUNTIFS(Week,'Adherence Omnia'!N$3,Agent_ID,'Adherence Omnia'!$B36,TargeType,"Agent Level",Queue,$C$23,DEP,"Operation") -> 0 | O36: =COUNTIFS(Week,'Adherence Omnia'!O$3,Agent_ID,'Adherence Omnia'!$B36,TargeType,"Agent Level",Queue,$C$23,DEP,"Operation") -> 0 | P36: =COUNTIFS(Week,'Adherence Omnia'!P$3,Agent_ID,'Adherence Omnia'!$B36,TargeType,"Agent Level",Queue,$C$23,DEP,"Operation") -> 0 | Q36: =COUNTIFS(Week,'Adherence Omnia'!Q$3,Agent_ID,'Adherence Omnia'!$B36,TargeType,"Agent Level",Queue,$C$23,DEP,"Operation") -> 0 | R36: =SUM(N36:Q36)>=SUM(J36:M36) -> TRUE | S36: =IFERROR(SUM(N29:Q29)/SUM(J29:M29),"") -> 0
B37: Total | J37: =SUM(J25:J36) -> 6 | K37: =SUM(K25:K36) -> 6 | L37: =SUM(L25:L36) -> 0 | M37: =SUM(M25:M36) -> 0 | N37: =SUM(N25:N36) -> 0 | O37: =SUM(O25:O36) -> 0 | P37: =SUM(P25:P36) -> 0 | Q37: =SUM(Q25:Q36) -> 0 | S37: =IFERROR(SUM(N30:Q30)/SUM(J30:M30),"") -> 0
S38: =IFERROR(SUM(N37:Q37)/SUM(J37:M37),"") -> 0
B41: QMS Que Name | C41: Tatweer Misr OB Survey | F41: Agent Status | J41: Target | N41: Adherence
B42: Login ID | C42: Name | D42: Skill | E42: WFH/WFS | F42: W1 | G42: W2 | H42: W3 | I42: W4 | J42: W1 | K42: W2 | L42: W3 | M42: W4 | N42: W1 | O42: W2 | P42: W3 | Q42: W4 | R42: Total Adherence
B43: 32462 | C43: Shahd Ashraf Muhamed Saber | D43: IB | E43: WFS | J43: =IFERROR(VLOOKUP(F43,DV!$D:$E,2,FALSE),0) -> 0 | K43: =IFERROR(VLOOKUP(G43,DV!$D:$E,2,FALSE),0) -> 0 | L43: =IFERROR(VLOOKUP(H43,DV!$D:$E,2,FALSE),0) -> 0 | M43: =IFERROR(VLOOKUP(I43,DV!$D:$E,2,FALSE),0) -> 0 | N43: =COUNTIFS(Week,'Adherence Omnia'!N$3,Agent_ID,'Adherence Omnia'!$B43,TargeType,"Agent Level",Queue,$C$41,DEP,"Operation") -> 0 | O43: =COUNTIFS(Week,'Adherence Omnia'!O$3,Agent_ID,'Adherence Omnia'!$B43,TargeType,"Agent Level",Queue,$C$41,DEP,"Operation") -> 0 | P43: =COUNTIFS(Week,'Adherence Omnia'!P$3,Agent_ID,'Adherence Omnia'!$B43,TargeType,"Agent Level",Queue,$C$41,DEP,"Operation") -> 0 | Q43: =COUNTIFS(Week,'Adherence Omnia'!Q$3,Agent_ID,'Adherence Omnia'!$B43,TargeType,"Agent Level",Queue,$C$41,DEP,"Operation") -> 0 | R43: =SUM(N43:Q43)>=SUM(J43:M43) -> TRUE | T43: Tatweer Misr OB Survey- Omnia Adherence | V43: W1 | W43: W2 | X43: W3 | Y43: W4 | Z43: Total
B44: 31924 | C44: Nayera Mohamed Mostafa Amaar | D44: IB | E44: WFS | J44: =IFERROR(VLOOKUP(F44,DV!$D:$E,2,FALSE),0) -> 0 | K44: =IFERROR(VLOOKUP(G44,DV!$D:$E,2,FALSE),0) -> 0 | L44: =IFERROR(VLOOKUP(H44,DV!$D:$E,2,FALSE),0) -> 0 | M44: =IFERROR(VLOOKUP(I44,DV!$D:$E,2,FALSE),0) -> 0 | N44: =COUNTIFS(Week,'Adherence Omnia'!N$3,Agent_ID,'Adherence Omnia'!$B44,TargeType,"Agent Level",Queue,$C$41,DEP,"Operation") -> 0 | O44: =COUNTIFS(Week,'Adherence Omnia'!O$3,Agent_ID,'Adherence Omnia'!$B44,TargeType,"Agent Level",Queue,$C$41,DEP,"Operation") -> 0 | P44: =COUNTIFS(Week,'Adherence Omnia'!P$3,Agent_ID,'Adherence Omnia'!$B44,TargeType,"Agent Level",Queue,$C$41,DEP,"Operation") -> 0 | Q44: =COUNTIFS(Week,'Adherence Omnia'!Q$3,Agent_ID,'Adherence Omnia'!$B44,TargeType,"Agent Level",Queue,$C$41,DEP,"Operation") -> 0 | R44: =SUM(N44:Q44)>=SUM(J44:M44) -> TRUE | T44: Target | V44: =J47 -> 0 | W44: =K47 -> 0 | X44: =L47 -> 0 | Y44: =M47 -> 0 | Z44: =SUM(V44:Y44) -> 0
J45: =IFERROR(VLOOKUP(F45,DV!$D:$E,2,FALSE),0) -> 0 | K45: =IFERROR(VLOOKUP(G45,DV!$D:$E,2,FALSE),0) -> 0 | L45: =IFERROR(VLOOKUP(H45,DV!$D:$E,2,FALSE),0) -> 0 | M45: =IFERROR(VLOOKUP(I45,DV!$D:$E,2,FALSE),0) -> 0 | N45: =COUNTIFS(Week,'Adherence Omnia'!N$3,Agent_ID,'Adherence Omnia'!$B45,TargeType,"Agent Level",Queue,$C$41,DEP,"Operation") -> 0 | O45: =COUNTIFS(Week,'Adherence Omnia'!O$3,Agent_ID,'Adherence Omnia'!$B45,TargeType,"Agent Level",Queue,$C$41,DEP,"Operation") -> 0 | P45: =COUNTIFS(Week,'Adherence Omnia'!P$3,Agent_ID,'Adherence Omnia'!$B45,TargeType,"Agent Level",Queue,$C$41,DEP,"Operation") -> 0 | Q45: =COUNTIFS(Week,'Adherence Omnia'!Q$3,Agent_ID,'Adherence Omnia'!$B45,TargeType,"Agent Level",Queue,$C$41,DEP,"Operation") -> 0 | R45: =SUM(N45:Q45)>=SUM(J45:M45) -> TRUE | S45: =IFERROR(SUM(N43:Q43)/SUM(J43:M43),"") | T45: Adherence | V45: =N47 -> 0 | W45: =O47 -> 0 | X45: =P47 -> 0 | Y45: =Q47 -> 0 | Z45: =SUM(V45:Y45) -> 0
J46: =IFERROR(VLOOKUP(F46,DV!$D:$E,2,FALSE),0) -> 0 | K46: =IFERROR(VLOOKUP(G46,DV!$D:$E,2,FALSE),0) -> 0 | L46: =IFERROR(VLOOKUP(H46,DV!$D:$E,2,FALSE),0) -> 0 | M46: =IFERROR(VLOOKUP(I46,DV!$D:$E,2,FALSE),0) -> 0 | N46: =COUNTIFS(Week,'Adherence Omnia'!N$3,Agent_ID,'Adherence Omnia'!$B46,TargeType,"Agent Level",Queue,$C$41,DEP,"Operation") -> 0 | O46: =COUNTIFS(Week,'Adherence Omnia'!O$3,Agent_ID,'Adherence Omnia'!$B46,TargeType,"Agent Level",Queue,$C$41,DEP,"Operation") -> 0 | P46: =COUNTIFS(Week,'Adherence Omnia'!P$3,Agent_ID,'Adherence Omnia'!$B46,TargeType,"Agent Level",Queue,$C$41,DEP,"Operation") -> 0 | Q46: =COUNTIFS(Week,'Adherence Omnia'!Q$3,Agent_ID,'Adherence Omnia'!$B46,TargeType,"Agent Level",Queue,$C$41,DEP,"Operation") -> 0 | R46: =SUM(N46:Q46)>=SUM(J46:M46) -> TRUE | S46: =IFERROR(SUM(N44:Q44)/SUM(J44:M44),"") | T46: ACH | V46: =IF(V44<>0,V45/V44,"") | W46: =IF(W44<>0,W45/W44,"") | X46: =IF(X44<>0,X45/X44,"") | Y46: =IF(Y44<>0,Y45/Y44,"") | Z46: =IF(Z44<>0,Z45/Z44,"")
B47: Total | J47: =SUM(J43:J46) -> 0 | K47: =SUM(K43:K46) -> 0 | L47: =SUM(L43:L46) -> 0 | M47: =SUM(M43:M46) -> 0 | N47: =SUM(N43:N46) -> 0 | O47: =SUM(O43:O46) -> 0 | P47: =SUM(P43:P46) -> 0 | Q47: =SUM(Q43:Q46) -> 0 | S47: =IFERROR(SUM(N45:Q45)/SUM(J45:M45),"")
S48: =IFERROR(SUM(N46:Q46)/SUM(J46:M46),"")

Sheet Adherence Hamed
T1: Tatweer Misr- Hamed Adherence | V1: W1 | W1: W2 | X1: W3 | Y1: W4 | Z1: Total
B2: QMS Que Name | C2: Tatweer Misr | D2: Tatweer Misr | E2: Tatweer Misr | F2: Agent Status | J2: Target | N2: Adherence | T2: Target | V2: =SUM(J4:J16) -> 15 | W2: =K17 -> 15 | X2: =L17 -> 0 | Y2: =M17 -> 0 | Z2: =SUM(V2:Y2) -> 30
B3: Login ID | C3: Name | D3: Skill | E3: WFH/WFS | F3: W1 | G3: W2 | H3: W3 | I3: W4 | J3: W1 | K3: W2 | L3: W3 | M3: W4 | N3: W1 | O3: W2 | P3: W3 | Q3: W4 | R3: Total Adherence | S3: =IFERROR(SUM(#REF!)/SUM(#REF!),"") | T3: Adherence | V3: =N17 -> 0 | W3: =O17 -> 0 | X3: =P17 -> 0 | Y3: =Q17 -> 0 | Z3: =SUM(V3:Y3) -> 0
B4: 33277 | C4: Kareem Magdy | D4: IB | E4: WFS | F4: Old/(OP-QA) | G4: Old/(OP-QA) | J4: =IFERROR(VLOOKUP(F4,DV!$D:$E,2,FALSE),0) -> 1 | K4: =IFERROR(VLOOKUP(G4,DV!$D:$E,2,FALSE),0) -> 1 | L4: =IFERROR(VLOOKUP(H4,DV!$D:$E,2,FALSE),0) -> 0 | M4: =IFERROR(VLOOKUP(I4,DV!$D:$E,2,FALSE),0) -> 0 | N4: =COUNTIFS(Week,'Adherence Hamed'!N$3,Agent_ID,'Adherence Hamed'!$B4,TargeType,"Agent Level",Queue,$C$2,DEP,"Operation") -> 0 | O4: =COUNTIFS(Week,'Adherence Hamed'!O$3,Agent_ID,'Adherence Hamed'!$B4,TargeType,"Agent Level",Queue,$C$2,DEP,"Operation") -> 0 | P4: =COUNTIFS(Week,'Adherence Hamed'!P$3,Agent_ID,'Adherence Hamed'!$B4,TargeType,"Agent Level",Queue,$C$2,DEP,"Operation") -> 0 | Q4: =COUNTIFS(Week,'Adherence Hamed'!Q$3,Agent_ID,'Adherence Hamed'!$B4,TargeType,"Agent Level",Queue,$C$2,DEP,"Operation") -> 0 | R4: =SUM(N4:Q4)>=SUM(J4:M4) -> FALSE | S4: =IFERROR(SUM(#REF!)/SUM(#REF!),"") | T4: ACH | V4: =IF(V2<>0,V3/V2,"") -> 0 | W4: =IF(W2<>0,W3/W2,"") -> 0 | X4: =IF(X2<>0,X3/X2,"") | Y4: =IF(Y2<>0,Y3/Y2,"") | Z4: =IF(Z2<>0,Z3/Z2,"") -> 0
B5: 32764 | C5: Aya Tullah Abdelkha | D5: IB | E5: WFS | F5: Old/(OP-QA) | G5: Old/(OP-QA) | J5: =IFERROR(VLOOKUP(F5,DV!$D:$E,2,FALSE),0) -> 1 | K5: =IFERROR(VLOOKUP(G5,DV!$D:$E,2,FALSE),0) -> 1 | L5: =IFERROR(VLOOKUP(H5,DV!$D:$E,2,FALSE),0) -> 0 | M5: =IFERROR(VLOOKUP(I5,DV!$D:$E,2,FALSE),0) -> 0 | N5: =COUNTIFS(Week,'Adherence Hamed'!N$3,Agent_ID,'Adherence Hamed'!$B5,TargeType,"Agent Level",Queue,$C$2,DEP,"Operation") -> 0 | O5: =COUNTIFS(Week,'Adherence Hamed'!O$3,Agent_ID,'Adherence Hamed'!$B5,TargeType,"Agent Level",Queue,$C$2,DEP,"Operation") -> 0 | P5: =COUNTIFS(Week,'Adherence Hamed'!P$3,Agent_ID,'Adherence Hamed'!$B5,TargeType,"Agent Level",Queue,$C$2,DEP,"Operation") -> 0 | Q5: =COUNTIFS(Week,'Adherence Hamed'!Q$3,Agent_ID,'Adherence Hamed'!$B5,TargeType,"Agent Level",Queue,$C$2,DEP,"Operation") -> 0 | R5: =SUM(N5:Q5)>=SUM(J5:M5) -> FALSE | S5: =IFERROR(SUM(#REF!)/SUM(#REF!),"")
B6: 33270 | C6: Yasmeen Mohammed Marhros | D6: IB | E6: WFS | F6: Old/(OP-QA) | G6: Old/(OP-QA) | J6: =IFERROR(VLOOKUP(F6,DV!$D:$E,2,FALSE),0) -> 1 | K6: =IFERROR(VLOOKUP(G6,DV!$D:$E,2,FALSE),0) -> 1 | L6: =IFERROR(VLOOKUP(H6,DV!$D:$E,2,FALSE),0) -> 0 | M6: =IFERROR(VLOOKUP(I6,DV!$D:$E,2,FALSE),0) -> 0 | N6: =COUNTIFS(Week,'Adherence Hamed'!N$3,Agent_ID,'Adherence Hamed'!$B6,TargeType,"Agent Level",Queue,$C$2,DEP,"Operation") -> 0 | O6: =COUNTIFS(Week,'Adherence Hamed'!O$3,Agent_ID,'Adherence Hamed'!$B6,TargeType,"Agent Level",Queue,$C$2,DEP,"Operation") -> 0 | P6: =COUNTIFS(Week,'Adherence Hamed'!P$3,Agent_ID,'Adherence Hamed'!$B6,TargeType,"Agent Level",Queue,$C$2,DEP,"Operation") -> 0 | Q6: =COUNTIFS(Week,'Adherence Hamed'!Q$3,Agent_ID,'Adherence Hamed'!$B6,TargeType,"Agent Level",Queue,$C$2,DEP,"Operation") -> 0 | R6: =SUM(N6:Q6)>=SUM(J6:M6) -> FALSE | S6: =IFERROR(SUM(#REF!)/SUM(#REF!),"")
B7: 39024 | C7: Rawan Hussien Mostafa Mohamed | D7: IB | E7: WFS | F7: Old/(OP-QA) | G7: Old/(OP-QA) | J7: =IFERROR(VLOOKUP(F7,DV!$D:$E,2,FALSE),0) -> 1 | K7: =IFERROR(VLOOKUP(G7,DV!$D:$E,2,FALSE),0) -> 1 | L7: =IFERROR(VLOOKUP(H7,DV!$D:$E,2,FALSE),0) -> 0 | M7: =IFERROR(VLOOKUP(I7,DV!$D:$E,2,FALSE),0) -> 0 | N7: =COUNTIFS(Week,'Adherence Hamed'!N$3,Agent_ID,'Adherence Hamed'!$B7,TargeType,"Agent Level",Queue,$C$2,DEP,"Operation") -> 0 | O7: =COUNTIFS(Week,'Adherence Hamed'!O$3,Agent_ID,'Adherence Hamed'!$B7,TargeType,"Agent Level",Queue,$C$2,DEP,"Operation") -> 0 | P7: =COUNTIFS(Week,'Adherence Hamed'!P$3,Agent_ID,'Adherence Hamed'!$B7,TargeType,"Agent Level",Queue,$C$2,DEP,"Operation") -> 0 | Q7: =COUNTIFS(Week,'Adherence Hamed'!Q$3,Agent_ID,'Adherence Hamed'!$B7,TargeType,"Agent Level",Queue,$C$2,DEP,"Operation") -> 0 | R7: =SUM(N7:Q7)>=SUM(J7:M7) -> FALSE | S7: =IFERROR(SUM(#REF!)/SUM(#REF!),"")
B8: 32961 | C8: Nada Nashaat Mohamed | D8: IB | E8: WFS | F8: Old/(OP-QA) | G8: Old/(OP-QA) | J8: =IFERROR(VLOOKUP(F8,DV!$D:$E,2,FALSE),0) -> 1 | K8: =IFERROR(VLOOKUP(G8,DV!$D:$E,2,FALSE),0) -> 1 | L8: =IFERROR(VLOOKUP(H8,DV!$D:$E,2,FALSE),0) -> 0 | M8: =IFERROR(VLOOKUP(I8,DV!$D:$E,2,FALSE),0) -> 0 | N8: =COUNTIFS(Week,'Adherence Hamed'!N$3,Agent_ID,'Adherence Hamed'!$B8,TargeType,"Agent Level",Queue,$C$2,DEP,"Operation") -> 0 | O8: =COUNTIFS(Week,'Adherence Hamed'!O$3,Agent_ID,'Adherence Hamed'!$B8,TargeType,"Agent Level",Queue,$C$2,DEP,"Operation") -> 0 | P8: =COUNTIFS(Week,'Adherence Hamed'!P$3,Agent_ID,'Adherence Hamed'!$B8,TargeType,"Agent Level",Queue,$C$2,DEP,"Operation") -> 0 | Q8: =COUNTIFS(Week,'Adherence Hamed'!Q$3,Agent_ID,'Adherence Hamed'!$B8,TargeType,"Agent Level",Queue,$C$2,DEP,"Operation") -> 0 | R8: =SUM(N8:Q8)>=SUM(J8:M8) -> FALSE | S8: =IFERROR(SUM(#REF!)/SUM(#REF!),"")
B9: 31401 | C9: Mazen Mohamed Fathi Khattab | D9: IB | E9: WFS | F9: Old/(OP-QA) | G9: Old/(OP-QA) | J9: =IFERROR(VLOOKUP(F9,DV!$D:$E,2,FALSE),0) -> 1 | K9: =IFERROR(VLOOKUP(G9,DV!$D:$E,2,FALSE),0) -> 1 | L9: =IFERROR(VLOOKUP(H9,DV!$D:$E,2,FALSE),0) -> 0 | M9: =IFERROR(VLOOKUP(I9,DV!$D:$E,2,FALSE),0) -> 0 | N9: =COUNTIFS(Week,'Adherence Hamed'!N$3,Agent_ID,'Adherence Hamed'!$B9,TargeType,"Agent Level",Queue,$C$2,DEP,"Operation") -> 0 | O9: =COUNTIFS(Week,'Adherence Hamed'!O$3,Agent_ID,'Adherence Hamed'!$B9,TargeType,"Agent Level",Queue,$C$2,DEP,"Operation") -> 0 | P9: =COUNTIFS(Week,'Adherence Hamed'!P$3,Agent_ID,'Adherence Hamed'!$B9,TargeType,"Agent Level",Queue,$C$2,DEP,"Operation") -> 0 | Q9: =COUNTIFS(Week,'Adherence Hamed'!Q$3,Agent_ID,'Adherence Hamed'!$B9,TargeType,"Agent Level",Queue,$C$2,DEP,"Operation") -> 0 | R9: =SUM(N9:Q9)>=SUM(J9:M9) -> FALSE | S9: =IFERROR(SUM(#REF!)/SUM(#REF!),"")
B10: 32962 | C10: Salma mohamed aly | D10: IB | E10: WFS | F10: Old/(OP-QA) | G10: Old/(OP-QA) | J10: =IFERROR(VLOOKUP(F10,DV!$D:$E,2,FALSE),0) -> 1 | K10: =IFERROR(VLOOKUP(G10,DV!$D:$E,2,FALSE),0) -> 1 | L10: =IFERROR(VLOOKUP(H10,DV!$D:$E,2,FALSE),0) -> 0 | M10: =IFERROR(VLOOKUP(I10,DV!$D:$E,2,FALSE),0) -> 0 | N10: =COUNTIFS(Week,'Adherence Hamed'!N$3,Agent_ID,'Adherence Hamed'!$B10,TargeType,"Agent Level",Queue,$C$2,DEP,"Operation") -> 0 | O10: =COUNTIFS(Week,'Adherence Hamed'!O$3,Agent_ID,'Adherence Hamed'!$B10,TargeType,"Agent Level",Queue,$C$2,DEP,"Operation") -> 0 | P10: =COUNTIFS(Week,'Adherence Hamed'!P$3,Agent_ID,'Adherence Hamed'!$B10,TargeType,"Agent Level",Queue,$C$2,DEP,"Operation") -> 0 | Q10: =COUNTIFS(Week,'Adherence Hamed'!Q$3,Agent_ID,'Adherence Hamed'!$B10,TargeType,"Agent Level",Queue,$C$2,DEP,"Operation") -> 0 | R10: =SUM(N10:Q10)>=SUM(J10:M10) -> FALSE | S10: =IFERROR(SUM(#REF!)/SUM(#REF!),"")
B11: 32755 | C11: Hatem Shadi Farouk Ismai | D11: IB | E11: WFS | F11: New/(OP-QA) | G11: New/(OP-QA) | J11: =IFERROR(VLOOKUP(F11,DV!$D:$E,2,FALSE),0) -> 2 | K11: =IFERROR(VLOOKUP(G11,DV!$D:$E,2,FALSE),0) -> 2 | L11: =IFERROR(VLOOKUP(H11,DV!$D:$E,2,FALSE),0) -> 0 | M11: =IFERROR(VLOOKUP(I11,DV!$D:$E,2,FALSE),0) -> 0 | N11: =COUNTIFS(Week,'Adherence Hamed'!N$3,Agent_ID,'Adherence Hamed'!$B11,TargeType,"Agent Level",Queue,$C$2,DEP,"Operation") -> 0 | O11: =COUNTIFS(Week,'Adherence Hamed'!O$3,Agent_ID,'Adherence Hamed'!$B11,TargeType,"Agent Level",Queue,$C$2,DEP,"Operation") -> 0 | P11: =COUNTIFS(Week,'Adherence Hamed'!P$3,Agent_ID,'Adherence Hamed'!$B11,TargeType,"Agent Level",Queue,$C$2,DEP,"Operation") -> 0 | Q11: =COUNTIFS(Week,'Adherence Hamed'!Q$3,Agent_ID,'Adherence Hamed'!$B11,TargeType,"Agent Level",Queue,$C$2,DEP,"Operation") -> 0 | R11: =SUM(N11:Q11)>=SUM(J11:M11) -> FALSE | S11: =IFERROR(SUM(#REF!)/SUM(#REF!),"")
B12: 32767 | C12: Marwan walid reda Abdelai | D12: IB | E12: WFS | F12: New/(OP-QA) | G12: New/(OP-QA) | J12: =IFERROR(VLOOKUP(F12,DV!$D:$E,2,FALSE),0) -> 2 | K12: =IFERROR(VLOOKUP(G12,DV!$D:$E,2,FALSE),0) -> 2 | L12: =IFERROR(VLOOKUP(H12,DV!$D:$E,2,FALSE),0) -> 0 | M12: =IFERROR(VLOOKUP(I12,DV!$D:$E,2,FALSE),0) -> 0 | N12: =COUNTIFS(Week,'Adherence Hamed'!N$3,Agent_ID,'Adherence Hamed'!$B12,TargeType,"Agent Level",Queue,$C$2,DEP,"Operation") -> 0 | O12: =COUNTIFS(Week,'Adherence Hamed'!O$3,Agent_ID,'Adherence Hamed'!$B12,TargeType,"Agent Level",Queue,$C$2,DEP,"Operation") -> 0 | P12: =COUNTIFS(Week,'Adherence Hamed'!P$3,Agent_ID,'Adherence Hamed'!$B12,TargeType,"Agent Level",Queue,$C$2,DEP,"Operation") -> 0 | Q12: =COUNTIFS(Week,'Adherence Hamed'!Q$3,Agent_ID,'Adherence Hamed'!$B12,TargeType,"Agent Level",Queue,$C$2,DEP,"Operation") -> 0 | R12: =SUM(N12:Q12)>=SUM(J12:M12) -> FALSE
B13: 32756 | C13: Mona Mamdouh Mohamed Asho | D13: IB | E13: WFS | F13: New/(OP-QA) | G13: New/(OP-QA) | J13: =IFERROR(VLOOKUP(F13,DV!$D:$E,2,FALSE),0) -> 2 | K13: =IFERROR(VLOOKUP(G13,DV!$D:$E,2,FALSE),0) -> 2 | L13: =IFERROR(VLOOKUP(H13,DV!$D:$E,2,FALSE),0) -> 0 | M13: =IFERROR(VLOOKUP(I13,DV!$D:$E,2,FALSE),0) -> 0 | N13: =COUNTIFS(Week,'Adherence Hamed'!N$3,Agent_ID,'Adherence Hamed'!$B13,TargeType,"Agent Level",Queue,$C$2,DEP,"Operation") -> 0 | O13: =COUNTIFS(Week,'Adherence Hamed'!O$3,Agent_ID,'Adherence Hamed'!$B13,TargeType,"Agent Level",Queue,$C$2,DEP,"Operation") -> 0 | P13: =COUNTIFS(Week,'Adherence Hamed'!P$3,Agent_ID,'Adherence Hamed'!$B13,TargeType,"Agent Level",Queue,$C$2,DEP,"Operation") -> 0 | Q13: =COUNTIFS(Week,'Adherence Hamed'!Q$3,Agent_ID,'Adherence Hamed'!$B13,TargeType,"Agent Level",Queue,$C$2,DEP,"Operation") -> 0 | R13: =SUM(N13:Q13)>=SUM(J13:M13) -> FALSE
B14: 32762 | C14: Shahd Hossam Ali | D14: IB | E14: WFS | F14: New/(OP-QA) | G14: New/(OP-QA) | J14: =IFERROR(VLOOKUP(F14,DV!$D:$E,2,FALSE),0) -> 2 | K14: =IFERROR(VLOOKUP(G14,DV!$D:$E,2,FALSE),0) -> 2 | L14: =IFERROR(VLOOKUP(H14,DV!$D:$E,2,FALSE),0) -> 0 | M14: =IFERROR(VLOOKUP(I14,DV!$D:$E,2,FALSE),0) -> 0 | N14: =COUNTIFS(Week,'Adherence Hamed'!N$3,Agent_ID,'Adherence Hamed'!$B14,TargeType,"Agent Level",Queue,$C$2,DEP,"Operation") -> 0 | O14: =COUNTIFS(Week,'Adherence Hamed'!O$3,Agent_ID,'Adherence Hamed'!$B14,TargeType,"Agent Level",Queue,$C$2,DEP,"Operation") -> 0 | P14: =COUNTIFS(Week,'Adherence Hamed'!P$3,Agent_ID,'Adherence Hamed'!$B14,TargeType,"Agent Level",Queue,$C$2,DEP,"Operation") -> 0 | Q14: =COUNTIFS(Week,'Adherence Hamed'!Q$3,Agent_ID,'Adherence Hamed'!$B14,TargeType,"Agent Level",Queue,$C$2,DEP,"Operation") -> 0 | R14: =SUM(N14:Q14)>=SUM(J14:M14) -> FALSE
J15: =IFERROR(VLOOKUP(F15,DV!$D:$E,2,FALSE),0) -> 0 | K15: =IFERROR(VLOOKUP(G15,DV!$D:$E,2,FALSE),0) -> 0 | L15: =IFERROR(VLOOKUP(H15,DV!$D:$E,2,FALSE),0) -> 0 | M15: =IFERROR(VLOOKUP(I15,DV!$D:$E,2,FALSE),0) -> 0 | N15: =COUNTIFS(Week,'Adherence Hamed'!N$3,Agent_ID,'Adherence Hamed'!$B15,TargeType,"Agent Level",Queue,$C$2,DEP,"Operation") -> 0 | O15: =COUNTIFS(Week,'Adherence Hamed'!O$3,Agent_ID,'Adherence Hamed'!$B15,TargeType,"Agent Level",Queue,$C$2,DEP,"Operation") -> 0 | P15: =COUNTIFS(Week,'Adherence Hamed'!P$3,Agent_ID,'Adherence Hamed'!$B15,TargeType,"Agent Level",Queue,$C$2,DEP,"Operation") -> 0 | Q15: =COUNTIFS(Week,'Adherence Hamed'!Q$3,Agent_ID,'Adherence Hamed'!$B15,TargeType,"Agent Level",Queue,$C$2,DEP,"Operation") -> 0 | R15: =SUM(N15:Q15)>=SUM(J15:M15) -> TRUE | S15: =IFERROR(SUM(#REF!)/SUM(#REF!),"")
J16: =IFERROR(VLOOKUP(F16,DV!$D:$E,2,FALSE),0) -> 0 | K16: =IFERROR(VLOOKUP(G16,DV!$D:$E,2,FALSE),0) -> 0 | L16: =IFERROR(VLOOKUP(H16,DV!$D:$E,2,FALSE),0) -> 0 | M16: =IFERROR(VLOOKUP(I16,DV!$D:$E,2,FALSE),0) -> 0 | N16: =COUNTIFS(Week,'Adherence Hamed'!N$3,Agent_ID,'Adherence Hamed'!$B16,TargeType,"Agent Level",Queue,$C$2,DEP,"Operation") -> 0 | O16: =COUNTIFS(Week,'Adherence Hamed'!O$3,Agent_ID,'Adherence Hamed'!$B16,TargeType,"Agent Level",Queue,$C$2,DEP,"Operation") -> 0 | P16: =COUNTIFS(Week,'Adherence Hamed'!P$3,Agent_ID,'Adherence Hamed'!$B16,TargeType,"Agent Level",Queue,$C$2,DEP,"Operation") -> 0 | Q16: =COUNTIFS(Week,'Adherence Hamed'!Q$3,Agent_ID,'Adherence Hamed'!$B16,TargeType,"Agent Level",Queue,$C$2,DEP,"Operation") -> 0 | R16: =SUM(N16:Q16)>=SUM(J16:M16) -> TRUE | S16: =IFERROR(SUM(#REF!)/SUM(#REF!),"")
B17: Total | J17: =SUM(J4:J16) -> 15 | K17: =SUM(K4:K16) -> 15 | L17: =SUM(L4:L16) -> 0 | M17: =SUM(M4:M16) -> 0 | N17: =SUM(N4:N16) -> 0 | O17: =SUM(O4:O16) -> 0 | P17: =SUM(P4:P16) -> 0 | Q17: =SUM(Q4:Q16) -> 0 | S17: =IFERROR(SUM(#REF!)/SUM(#REF!),"") | T17: Proper T- Hamed Adherence | V17: W1 | W17: W2 | X17: W3 | Y17: W4 | Z17: Total
S18: =IFERROR(SUM(#REF!)/SUM(#REF!),"") | T18: Target | V18: =J40 -> 15 | W18: =K40 -> 15 | X18: =L40 -> 0 | Y18: =M40 -> 0 | Z18: =SUM(V18:Y18) -> 30
S19: =IFERROR(SUM(#REF!)/SUM(#REF!),"") | T19: Adherence | V19: =N40 -> 0 | W19: =O40 -> 0 | X19: =P40 -> 0 | Y19: =Q40 -> 0 | Z19: =SUM(V19:Y19) -> 0
S20: =IFERROR(SUM(N15:Q15)/SUM(J15:M15),"") | T20: ACH | V20: =IF(V18<>0,V19/V18,"") -> 0 | W20: =IF(W18<>0,W19/W18,"") -> 0 | X20: =IF(X18<>0,X19/X18,"") | Y20: =IF(Y18<>0,Y19/Y18,"") | Z20: =IF(Z18<>0,Z19/Z18,"") -> 0
S21: =IFERROR(SUM(N16:Q16)/SUM(J16:M16),"")
B23: QMS Que Name | C23: Proper T | F23: Agent Status | J23: Target | N23: Adherence
B24: Login ID | C24: Name | D24: Skill | E24: WFH/WFS | F24: W1 | G24: W2 | H24: W3 | I24: W4 | J24: W1 | K24: W2 | L24: W3 | M24: W4 | N24: W1 | O24: W2 | P24: W3 | Q24: W4 | R24: Total Adherence
B25: 33277 | C25: Kareem Magdy | D25: IB | E25: WFS | F25: Old/(OP-QA) | G25: Old/(OP-QA) | J25: =IFERROR(VLOOKUP(F25,DV!$D:$E,2,FALSE),0) -> 1 | K25: =IFERROR(VLOOKUP(G25,DV!$D:$E,2,FALSE),0) -> 1 | L25: =IFERROR(VLOOKUP(H25,DV!$D:$E,2,FALSE),0) -> 0 | M25: =IFERROR(VLOOKUP(I25,DV!$D:$E,2,FALSE),0) -> 0 | N25: =COUNTIFS(Week,'Adherence Hamed'!N$3,Agent_ID,'Adherence Hamed'!$B25,TargeType,"Agent Level",Queue,$C$23,DEP,"Operation") -> 0 | O25: =COUNTIFS(Week,'Adherence Hamed'!O$3,Agent_ID,'Adherence Hamed'!$B25,TargeType,"Agent Level",Queue,$C$23,DEP,"Operation") -> 0 | P25: =COUNTIFS(Week,'Adherence Hamed'!P$3,Agent_ID,'Adherence Hamed'!$B25,TargeType,"Agent Level",Queue,$C$23,DEP,"Operation") -> 0 | Q25: =COUNTIFS(Week,'Adherence Hamed'!Q$3,Agent_ID,'Adherence Hamed'!$B25,TargeType,"Agent Level",Queue,$C$23,DEP,"Operation") -> 0 | R25: =SUM(N25:Q25)>=SUM(J25:M25) -> FALSE
B26: 32764 | C26: Aya Tullah Abdelkha | D26: IB | E26: WFS | F26: Old/(OP-QA) | G26: Old/(OP-QA) | J26: =IFERROR(VLOOKUP(F26,DV!$D:$E,2,FALSE),0) -> 1 | K26: =IFERROR(VLOOKUP(G26,DV!$D:$E,2,FALSE),0) -> 1 | L26: =IFERROR(VLOOKUP(H26,DV!$D:$E,2,FALSE),0) -> 0 | M26: =IFERROR(VLOOKUP(I26,DV!$D:$E,2,FALSE),0) -> 0 | N26: =COUNTIFS(Week,'Adherence Hamed'!N$3,Agent_ID,'Adherence Hamed'!$B26,TargeType,"Agent Level",Queue,$C$23,DEP,"Operation") -> 0 | O26: =COUNTIFS(Week,'Adherence Hamed'!O$3,Agent_ID,'Adherence Hamed'!$B26,TargeType,"Agent Level",Queue,$C$23,DEP,"Operation") -> 0 | P26: =COUNTIFS(Week,'Adherence Hamed'!P$3,Agent_ID,'Adherence Hamed'!$B26,TargeType,"Agent Level",Queue,$C$23,DEP,"Operation") -> 0 | Q26: =COUNTIFS(Week,'Adherence Hamed'!Q$3,Agent_ID,'Adherence Hamed'!$B26,TargeType,"Agent Level",Queue,$C$23,DEP,"Operation") -> 0 | R26: =SUM(N26:Q26)>=SUM(J26:M26) -> FALSE
B27: 33270 | C27: Yasmeen Mohammed Marhros | D27: IB | E27: WFS | F27: Old/(OP-QA) | G27: Old/(OP-QA) | J27: =IFERROR(VLOOKUP(F27,DV!$D:$E,2,FALSE),0) -> 1 | K27: =IFERROR(VLOOKUP(G27,DV!$D:$E,2,FALSE),0) -> 1 | L27: =IFERROR(VLOOKUP(H27,DV!$D:$E,2,FALSE),0) -> 0 | M27: =IFERROR(VLOOKUP(I27,DV!$D:$E,2,FALSE),0) -> 0 | N27: =COUNTIFS(Week,'Adherence Hamed'!N$3,Agent_ID,'Adherence Hamed'!$B27,TargeType,"Agent Level",Queue,$C$23,DEP,"Operation") -> 0 | O27: =COUNTIFS(Week,'Adherence Hamed'!O$3,Agent_ID,'Adherence Hamed'!$B27,TargeType,"Agent Level",Queue,$C$23,DEP,"Operation") -> 0 | P27: =COUNTIFS(Week,'Adherence Hamed'!P$3,Agent_ID,'Adherence Hamed'!$B27,TargeType,"Agent Level",Queue,$C$23,DEP,"Operation") -> 0 | Q27: =COUNTIFS(Week,'Adherence Hamed'!Q$3,Agent_ID,'Adherence Hamed'!$B27,TargeType,"Agent Level",Queue,$C$23,DEP,"Operation") -> 0 | R27: =SUM(N27:Q27)>=SUM(J27:M27) -> FALSE
B28: 39024 | C28: Rawan Hussien Mostafa Mohamed | D28: IB | E28: WFS | F28: Old/(OP-QA) | G28: Old/(OP-QA) | J28: =IFERROR(VLOOKUP(F28,DV!$D:$E,2,FALSE),0) -> 1 | K28: =IFERROR(VLOOKUP(G28,DV!$D:$E,2,FALSE),0) -> 1 | L28: =IFERROR(VLOOKUP(H28,DV!$D:$E,2,FALSE),0) -> 0 | M28: =IFERROR(VLOOKUP(I28,DV!$D:$E,2,FALSE),0) -> 0 | N28: =COUNTIFS(Week,'Adherence Hamed'!N$3,Agent_ID,'Adherence Hamed'!$B28,TargeType,"Agent Level",Queue,$C$23,DEP,"Operation") -> 0 | O28: =COUNTIFS(Week,'Adherence Hamed'!O$3,Agent_ID,'Adherence Hamed'!$B28,TargeType,"Agent Level",Queue,$C$23,DEP,"Operation") -> 0 | P28: =COUNTIFS(Week,'Adherence Hamed'!P$3,Agent_ID,'Adherence Hamed'!$B28,TargeType,"Agent Level",Queue,$C$23,DEP,"Operation") -> 0 | Q28: =COUNTIFS(Week,'Adherence Hamed'!Q$3,Agent_ID,'Adherence Hamed'!$B28,TargeType,"Agent Level",Queue,$C$23,DEP,"Operation") -> 0 | R28: =SUM(N28:Q28)>=SUM(J28:M28) -> FALSE
B29: 32961 | C29: Nada Nashaat Mohamed | D29: IB | E29: WFS | F29: Old/(OP-QA) | G29: Old/(OP-QA) | J29: =IFERROR(VLOOKUP(F29,DV!$D:$E,2,FALSE),0) -> 1 | K29: =IFERROR(VLOOKUP(G29,DV!$D:$E,2,FALSE),0) -> 1 | L29: =IFERROR(VLOOKUP(H29,DV!$D:$E,2,FALSE),0) -> 0 | M29: =IFERROR(VLOOKUP(I29,DV!$D:$E,2,FALSE),0) -> 0 | N29: =COUNTIFS(Week,'Adherence Hamed'!N$3,Agent_ID,'Adherence Hamed'!$B29,TargeType,"Agent Level",Queue,$C$23,DEP,"Operation") -> 0 | O29: =COUNTIFS(Week,'Adherence Hamed'!O$3,Agent_ID,'Adherence Hamed'!$B29,TargeType,"Agent Level",Queue,$C$23,DEP,"Operation") -> 0 | P29: =COUNTIFS(Week,'Adherence Hamed'!P$3,Agent_ID,'Adherence Hamed'!$B29,TargeType,"Agent Level",Queue,$C$23,DEP,"Operation") -> 0 | Q29: =COUNTIFS(Week,'Adherence Hamed'!Q$3,Agent_ID,'Adherence Hamed'!$B29,TargeType,"Agent Level",Queue,$C$23,DEP,"Operation") -> 0 | R29: =SUM(N29:Q29)>=SUM(J29:M29) -> FALSE
B30: 31401 | C30: Mazen Mohamed Fathi Khattab | D30: IB | E30: WFS | F30: Old/(OP-QA) | G30: Old/(OP-QA) | J30: =IFERROR(VLOOKUP(F30,DV!$D:$E,2,FALSE),0) -> 1 | K30: =IFERROR(VLOOKUP(G30,DV!$D:$E,2,FALSE),0) -> 1 | L30: =IFERROR(VLOOKUP(H30,DV!$D:$E,2,FALSE),0) -> 0 | M30: =IFERROR(VLOOKUP(I30,DV!$D:$E,2,FALSE),0) -> 0 | N30: =COUNTIFS(Week,'Adherence Hamed'!N$3,Agent_ID,'Adherence Hamed'!$B30,TargeType,"Agent Level",Queue,$C$23,DEP,"Operation") -> 0 | O30: =COUNTIFS(Week,'Adherence Hamed'!O$3,Agent_ID,'Adherence Hamed'!$B30,TargeType,"Agent Level",Queue,$C$23,DEP,"Operation") -> 0 | P30: =COUNTIFS(Week,'Adherence Hamed'!P$3,Agent_ID,'Adherence Hamed'!$B30,TargeType,"Agent Level",Queue,$C$23,DEP,"Operation") -> 0 | Q30: =COUNTIFS(Week,'Adherence Hamed'!Q$3,Agent_ID,'Adherence Hamed'!$B30,TargeType,"Agent Level",Queue,$C$23,DEP,"Operation") -> 0 | R30: =SUM(N30:Q30)>=SUM(J30:M30) -> FALSE
B31: 32962 | C31: Salma mohamed aly | D31: IB | E31: WFS | F31: Old/(OP-QA) | G31: Old/(OP-QA) | J31: =IFERROR(VLOOKUP(F31,DV!$D:$E,2,FALSE),0) -> 1 | K31: =IFERROR(VLOOKUP(G31,DV!$D:$E,2,FALSE),0) -> 1 | L31: =IFERROR(VLOOKUP(H31,DV!$D:$E,2,FALSE),0) -> 0 | M31: =IFERROR(VLOOKUP(I31,DV!$D:$E,2,FALSE),0) -> 0 | N31: =COUNTIFS(Week,'Adherence Hamed'!N$3,Agent_ID,'Adherence Hamed'!$B31,TargeType,"Agent Level",Queue,$C$23,DEP,"Operation") -> 0 | O31: =COUNTIFS(Week,'Adherence Hamed'!O$3,Agent_ID,'Adherence Hamed'!$B31,TargeType,"Agent Level",Queue,$C$23,DEP,"Operation") -> 0 | P31: =COUNTIFS(Week,'Adherence Hamed'!P$3,Agent_ID,'Adherence Hamed'!$B31,TargeType,"Agent Level",Queue,$C$23,DEP,"Operation") -> 0 | Q31: =COUNTIFS(Week,'Adherence Hamed'!Q$3,Agent_ID,'Adherence Hamed'!$B31,TargeType,"Agent Level",Queue,$C$23,DEP,"Operation") -> 0 | R31: =SUM(N31:Q31)>=SUM(J31:M31) -> FALSE
B32: 32755 | C32: Hatem Shadi Farouk Ismai | D32: IB | E32: WFS | F32: New/(OP-QA) | G32: New/(OP-QA) | J32: =IFERROR(VLOOKUP(F32,DV!$D:$E,2,FALSE),0) -> 2 | K32: =IFERROR(VLOOKUP(G32,DV!$D:$E,2,FALSE),0) -> 2 | L32: =IFERROR(VLOOKUP(H32,DV!$D:$E,2,FALSE),0) -> 0 | M32: =IFERROR(VLOOKUP(I32,DV!$D:$E,2,FALSE),0) -> 0 | N32: =COUNTIFS(Week,'Adherence Hamed'!N$3,Agent_ID,'Adherence Hamed'!$B32,TargeType,"Agent Level",Queue,$C$23,DEP,"Operation") -> 0 | O32: =COUNTIFS(Week,'Adherence Hamed'!O$3,Agent_ID,'Adherence Hamed'!$B32,TargeType,"Agent Level",Queue,$C$23,DEP,"Operation") -> 0 | P32: =COUNTIFS(Week,'Adherence Hamed'!P$3,Agent_ID,'Adherence Hamed'!$B32,TargeType,"Agent Level",Queue,$C$23,DEP,"Operation") -> 0 | Q32: =COUNTIFS(Week,'Adherence Hamed'!Q$3,Agent_ID,'Adherence Hamed'!$B32,TargeType,"Agent Level",Queue,$C$23,DEP,"Operation") -> 0 | R32: =SUM(N32:Q32)>=SUM(J32:M32) -> FALSE
B33: 32767 | C33: Marwan walid reda Abdelai | D33: IB | E33: WFS | F33: New/(OP-QA) | G33: New/(OP-QA) | J33: =IFERROR(VLOOKUP(F33,DV!$D:$E,2,FALSE),0) -> 2 | K33: =IFERROR(VLOOKUP(G33,DV!$D:$E,2,FALSE),0) -> 2 | L33: =IFERROR(VLOOKUP(H33,DV!$D:$E,2,FALSE),0) -> 0 | M33: =IFERROR(VLOOKUP(I33,DV!$D:$E,2,FALSE),0) -> 0 | N33: =COUNTIFS(Week,'Adherence Hamed'!N$3,Agent_ID,'Adherence Hamed'!$B33,TargeType,"Agent Level",Queue,$C$23,DEP,"Operation") -> 0 | O33: =COUNTIFS(Week,'Adherence Hamed'!O$3,Agent_ID,'Adherence Hamed'!$B33,TargeType,"Agent Level",Queue,$C$23,DEP,"Operation") -> 0 | P33: =COUNTIFS(Week,'Adherence Hamed'!P$3,Agent_ID,'Adherence Hamed'!$B33,TargeType,"Agent Level",Queue,$C$23,DEP,"Operation") -> 0 | Q33: =COUNTIFS(Week,'Adherence Hamed'!Q$3,Agent_ID,'Adherence Hamed'!$B33,TargeType,"Agent Level",Queue,$C$23,DEP,"Operation") -> 0 | R33: =SUM(N33:Q33)>=SUM(J33:M33) -> FALSE
B34: 32756 | C34: Mona Mamdouh Mohamed Asho | D34: IB | E34: WFS | F34: New/(OP-QA) | G34: New/(OP-QA) | J34: =IFERROR(VLOOKUP(F34,DV!$D:$E,2,FALSE),0) -> 2 | K34: =IFERROR(VLOOKUP(G34,DV!$D:$E,2,FALSE),0) -> 2 | L34: =IFERROR(VLOOKUP(H34,DV!$D:$E,2,FALSE),0) -> 0 | M34: =IFERROR(VLOOKUP(I34,DV!$D:$E,2,FALSE),0) -> 0 | N34: =COUNTIFS(Week,'Adherence Hamed'!N$3,Agent_ID,'Adherence Hamed'!$B34,TargeType,"Agent Level",Queue,$C$23,DEP,"Operation") -> 0 | O34: =COUNTIFS(Week,'Adherence Hamed'!O$3,Agent_ID,'Adherence Hamed'!$B34,TargeType,"Agent Level",Queue,$C$23,DEP,"Operation") -> 0 | P34: =COUNTIFS(Week,'Adherence Hamed'!P$3,Agent_ID,'Adherence Hamed'!$B34,TargeType,"Agent Level",Queue,$C$23,DEP,"Operation") -> 0 | Q34: =COUNTIFS(Week,'Adherence Hamed'!Q$3,Agent_ID,'Adherence Hamed'!$B34,TargeType,"Agent Level",Queue,$C$23,DEP,"Operation") -> 0 | R34: =SUM(N34:Q34)>=SUM(J34:M34) -> FALSE
B35: 32762 | C35: Shahd Hossam Ali | D35: IB | E35: WFS | F35: New/(OP-QA) | G35: New/(OP-QA) | J35: =IFERROR(VLOOKUP(F35,DV!$D:$E,2,FALSE),0) -> 2 | K35: =IFERROR(VLOOKUP(G35,DV!$D:$E,2,FALSE),0) -> 2 | L35: =IFERROR(VLOOKUP(H35,DV!$D:$E,2,FALSE),0) -> 0 | M35: =IFERROR(VLOOKUP(I35,DV!$D:$E,2,FALSE),0) -> 0 | N35: =COUNTIFS(Week,'Adherence Hamed'!N$3,Agent_ID,'Adherence Hamed'!$B35,TargeType,"Agent Level",Queue,$C$23,DEP,"Operation") -> 0 | O35: =COUNTIFS(Week,'Adherence Hamed'!O$3,Agent_ID,'Adherence Hamed'!$B35,TargeType,"Agent Level",Queue,$C$23,DEP,"Operation") -> 0 | P35: =COUNTIFS(Week,'Adherence Hamed'!P$3,Agent_ID,'Adherence Hamed'!$B35,TargeType,"Agent Level",Queue,$C$23,DEP,"Operation") -> 0 | Q35: =COUNTIFS(Week,'Adherence Hamed'!Q$3,Agent_ID,'Adherence Hamed'!$B35,TargeType,"Agent Level",Queue,$C$23,DEP,"Operation") -> 0 | R35: =SUM(N35:Q35)>=SUM(J35:M35) -> FALSE
J36: =IFERROR(VLOOKUP(F36,DV!$D:$E,2,FALSE),0) -> 0 | K36: =IFERROR(VLOOKUP(G36,DV!$D:$E,2,FALSE),0) -> 0 | L36: =IFERROR(VLOOKUP(H36,DV!$D:$E,2,FALSE),0) -> 0 | M36: =IFERROR(VLOOKUP(I36,DV!$D:$E,2,FALSE),0) -> 0 | N36: =COUNTIFS(Week,'Adherence Hamed'!N$3,Agent_ID,'Adherence Hamed'!$B36,TargeType,"Agent Level",Queue,$C$23,DEP,"Operation") -> 0 | O36: =COUNTIFS(Week,'Adherence Hamed'!O$3,Agent_ID,'Adherence Hamed'!$B36,TargeType,"Agent Level",Queue,$C$23,DEP,"Operation") -> 0 | P36: =COUNTIFS(Week,'Adherence Hamed'!P$3,Agent_ID,'Adherence Hamed'!$B36,TargeType,"Agent Level",Queue,$C$23,DEP,"Operation") -> 0 | Q36: =COUNTIFS(Week,'Adherence Hamed'!Q$3,Agent_ID,'Adherence Hamed'!$B36,TargeType,"Agent Level",Queue,$C$23,DEP,"Operation") -> 0 | R36: =SUM(N36:Q36)>=SUM(J36:M36) -> TRUE
J37: =IFERROR(VLOOKUP(F37,DV!$D:$E,2,FALSE),0) -> 0 | K37: =IFERROR(VLOOKUP(G37,DV!$D:$E,2,FALSE),0) -> 0 | L37: =IFERROR(VLOOKUP(H37,DV!$D:$E,2,FALSE),0) -> 0 | M37: =IFERROR(VLOOKUP(I37,DV!$D:$E,2,FALSE),0) -> 0 | N37: =COUNTIFS(Week,'Adherence Hamed'!N$3,Agent_ID,'Adherence Hamed'!$B37,TargeType,"Agent Level",Queue,$C$23,DEP,"Operation") -> 0 | O37: =COUNTIFS(Week,'Adherence Hamed'!O$3,Agent_ID,'Adherence Hamed'!$B37,TargeType,"Agent Level",Queue,$C$23,DEP,"Operation") -> 0 | P37: =COUNTIFS(Week,'Adherence Hamed'!P$3,Agent_ID,'Adherence Hamed'!$B37,TargeType,"Agent Level",Queue,$C$23,DEP,"Operation") -> 0 | Q37: =COUNTIFS(Week,'Adherence Hamed'!Q$3,Agent_ID,'Adherence Hamed'!$B37,TargeType,"Agent Level",Queue,$C$23,DEP,"Operation") -> 0 | R37: =SUM(N37:Q37)>=SUM(J37:M37) -> TRUE
J38: =IFERROR(VLOOKUP(F38,DV!$D:$E,2,FALSE),0) -> 0 | K38: =IFERROR(VLOOKUP(G38,DV!$D:$E,2,FALSE),0) -> 0 | L38: =IFERROR(VLOOKUP(H38,DV!$D:$E,2,FALSE),0) -> 0 | M38: =IFERROR(VLOOKUP(I38,DV!$D:$E,2,FALSE),0) -> 0 | N38: =COUNTIFS(Week,'Adherence Hamed'!N$3,Agent_ID,'Adherence Hamed'!$B38,TargeType,"Agent Level",Queue,$C$23,DEP,"Operation") -> 0 | O38: =COUNTIFS(Week,'Adherence Hamed'!O$3,Agent_ID,'Adherence Hamed'!$B38,TargeType,"Agent Level",Queue,$C$23,DEP,"Operation") -> 0 | P38: =COUNTIFS(Week,'Adherence Hamed'!P$3,Agent_ID,'Adherence Hamed'!$B38,TargeType,"Agent Level",Queue,$C$23,DEP,"Operation") -> 0 | Q38: =COUNTIFS(Week,'Adherence Hamed'!Q$3,Agent_ID,'Adherence Hamed'!$B38,TargeType,"Agent Level",Queue,$C$23,DEP,"Operation") -> 0 | R38: =SUM(N38:Q38)>=SUM(J38:M38) -> TRUE
J39: =IFERROR(VLOOKUP(F39,DV!$D:$E,2,FALSE),0) -> 0 | K39: =IFERROR(VLOOKUP(G39,DV!$D:$E,2,FALSE),0) -> 0 | L39: =IFERROR(VLOOKUP(H39,DV!$D:$E,2,FALSE),0) -> 0 | M39: =IFERROR(VLOOKUP(I39,DV!$D:$E,2,FALSE),0) -> 0 | N39: =COUNTIFS(Week,'Adherence Hamed'!N$3,Agent_ID,'Adherence Hamed'!$B39,TargeType,"Agent Level",Queue,$C$23,DEP,"Operation") -> 0 | O39: =COUNTIFS(Week,'Adherence Hamed'!O$3,Agent_ID,'Adherence Hamed'!$B39,TargeType,"Agent Level",Queue,$C$23,DEP,"Operation") -> 0 | P39: =COUNTIFS(Week,'Adherence Hamed'!P$3,Agent_ID,'Adherence Hamed'!$B39,TargeType,"Agent Level",Queue,$C$23,DEP,"Operation") -> 0 | Q39: =COUNTIFS(Week,'Adherence Hamed'!Q$3,Agent_ID,'Adherence Hamed'!$B39,TargeType,"Agent Level",Queue,$C$23,DEP,"Operation") -> 0 | R39: =SUM(N39:Q39)>=SUM(J39:M39) -> TRUE
B40: Total | J40: =SUM(J25:J39) -> 15 | K40: =SUM(K25:K39) -> 15 | L40: =SUM(L25:L39) -> 0 | M40: =SUM(M25:M39) -> 0 | N40: =SUM(N25:N39) -> 0 | O40: =SUM(O25:O39) -> 0 | P40: =SUM(P25:P39) -> 0 | Q40: =SUM(Q25:Q39) -> 0
S43: =IFERROR(SUM(#REF!)/SUM(#REF!),"")
S44: =IFERROR(SUM(N25:Q25)/SUM(J25:M25),"") -> 0
B45: QMS Que Name | C45: Tatweer Misr OB Survey | F45: Agent Status | J45: Target | N45: Adherence | S45: =IFERROR(SUM(#REF!)/SUM(#REF!),"")
B46: Login ID | C46: Name | D46: Skill | E46: WFH/WFS | F46: W1 | G46: W2 | H46: W3 | I46: W4 | J46: W1 | K46: W2 | L46: W3 | M46: W4 | N46: W1 | O46: W2 | P46: W3 | Q46: W4 | R46: Total Adherence | S46: =IFERROR(SUM(#REF!)/SUM(#REF!),"")
B47: 33270 | C47: Yasmeen Mohammed Marhros | D47: OB | E47: WFS | F47: No Calls Handled | J47: =IFERROR(VLOOKUP(F47,DV!$D:$E,2,FALSE),0) -> 0 | K47: =IFERROR(VLOOKUP(G47,DV!$D:$E,2,FALSE),0) -> 0 | L47: =IFERROR(VLOOKUP(H47,DV!$D:$E,2,FALSE),0) -> 0 | M47: =IFERROR(VLOOKUP(I47,DV!$D:$E,2,FALSE),0) -> 0 | N47: =COUNTIFS(Week,'Adherence Hamed'!N$3,Agent_ID,'Adherence Hamed'!$B47,TargeType,"Agent Level",Queue,$C$45,DEP,"Operation") -> 0 | O47: =COUNTIFS(Week,'Adherence Hamed'!O$3,Agent_ID,'Adherence Hamed'!$B47,TargeType,"Agent Level",Queue,$C$45,DEP,"Operation") -> 0 | P47: =COUNTIFS(Week,'Adherence Hamed'!P$3,Agent_ID,'Adherence Hamed'!$B47,TargeType,"Agent Level",Queue,$C$45,DEP,"Operation") -> 0 | Q47: =COUNTIFS(Week,'Adherence Hamed'!Q$3,Agent_ID,'Adherence Hamed'!$B47,TargeType,"Agent Level",Queue,$C$45,DEP,"Operation") -> 0 | R47: =SUM(N47:Q47)>=SUM(J47:M47) -> TRUE | S47: =IFERROR(SUM(N30:Q30)/SUM(J30:M30),"") -> 0
J48: =IFERROR(VLOOKUP(F48,DV!$D:$E,2,FALSE),0) -> 0 | K48: =IFERROR(VLOOKUP(G48,DV!$D:$E,2,FALSE),0) -> 0 | L48: =IFERROR(VLOOKUP(H48,DV!$D:$E,2,FALSE),0) -> 0 | M48: =IFERROR(VLOOKUP(I48,DV!$D:$E,2,FALSE),0) -> 0 | N48: =COUNTIFS(Week,'Adherence Hamed'!N$3,Agent_ID,'Adherence Hamed'!$B48,TargeType,"Agent Level",Queue,$C$45,DEP,"Operation") -> 0 | O48: =COUNTIFS(Week,'Adherence Hamed'!O$3,Agent_ID,'Adherence Hamed'!$B48,TargeType,"Agent Level",Queue,$C$45,DEP,"Operation") -> 0 | P48: =COUNTIFS(Week,'Adherence Hamed'!P$3,Agent_ID,'Adherence Hamed'!$B48,TargeType,"Agent Level",Queue,$C$45,DEP,"Operation") -> 0 | Q48: =COUNTIFS(Week,'Adherence Hamed'!Q$3,Agent_ID,'Adherence Hamed'!$B48,TargeType,"Agent Level",Queue,$C$45,DEP,"Operation") -> 0 | R48: =SUM(N48:Q48)>=SUM(J48:M48) -> TRUE | S48: =IFERROR(SUM(#REF!)/SUM(#REF!),"")
J49: =IFERROR(VLOOKUP(F49,DV!$D:$E,2,FALSE),0) -> 0 | K49: =IFERROR(VLOOKUP(G49,DV!$D:$E,2,FALSE),0) -> 0 | L49: =IFERROR(VLOOKUP(H49,DV!$D:$E,2,FALSE),0) -> 0 | M49: =IFERROR(VLOOKUP(I49,DV!$D:$E,2,FALSE),0) -> 0 | N49: =COUNTIFS(Week,'Adherence Hamed'!N$3,Agent_ID,'Adherence Hamed'!$B49,TargeType,"Agent Level",Queue,$C$45,DEP,"Operation") -> 0 | O49: =COUNTIFS(Week,'Adherence Hamed'!O$3,Agent_ID,'Adherence Hamed'!$B49,TargeType,"Agent Level",Queue,$C$45,DEP,"Operation") -> 0 | P49: =COUNTIFS(Week,'Adherence Hamed'!P$3,Agent_ID,'Adherence Hamed'!$B49,TargeType,"Agent Level",Queue,$C$45,DEP,"Operation") -> 0 | Q49: =COUNTIFS(Week,'Adherence Hamed'!Q$3,Agent_ID,'Adherence Hamed'!$B49,TargeType,"Agent Level",Queue,$C$45,DEP,"Operation") -> 0 | R49: =SUM(N49:Q49)>=SUM(J49:M49) -> TRUE | S49: =IFERROR(SUM(#REF!)/SUM(#REF!),"") | U49: Tatweer Misr OB Survey- Hamed Adherence | W49: W1 | X49: W2 | Y49: W3 | Z49: W4 | AA49: Total
J50: =IFERROR(VLOOKUP(F50,DV!$D:$E,2,FALSE),0) -> 0 | K50: =IFERROR(VLOOKUP(G50,DV!$D:$E,2,FALSE),0) -> 0 | L50: =IFERROR(VLOOKUP(H50,DV!$D:$E,2,FALSE),0) -> 0 | M50: =IFERROR(VLOOKUP(I50,DV!$D:$E,2,FALSE),0) -> 0 | N50: =COUNTIFS(Week,'Adherence Hamed'!N$3,Agent_ID,'Adherence Hamed'!$B50,TargeType,"Agent Level",Queue,$C$45,DEP,"Operation") -> 0 | O50: =COUNTIFS(Week,'Adherence Hamed'!O$3,Agent_ID,'Adherence Hamed'!$B50,TargeType,"Agent Level",Queue,$C$45,DEP,"Operation") -> 0 | P50: =COUNTIFS(Week,'Adherence Hamed'!P$3,Agent_ID,'Adherence Hamed'!$B50,TargeType,"Agent Level",Queue,$C$45,DEP,"Operation") -> 0 | Q50: =COUNTIFS(Week,'Adherence Hamed'!Q$3,Agent_ID,'Adherence Hamed'!$B50,TargeType,"Agent Level",Queue,$C$45,DEP,"Operation") -> 0 | R50: =SUM(N50:Q50)>=SUM(J50:M50) -> TRUE | S50: =IFERROR(SUM(#REF!)/SUM(#REF!),"") | U50: Target | W50: =J51 -> 0 | X50: =K51 -> 0 | Y50: =L51 -> 0 | Z50: =M51 -> 0 | AA50: =SUM(W50:Z50) -> 0
B51: Total | J51: =SUM(J47:J50) -> 0 | K51: =SUM(K47:K50) -> 0 | L51: =SUM(L47:L50) -> 0 | M51: =SUM(M47:M50) -> 0 | N51: =SUM(N47:N50) -> 0 | O51: =SUM(O47:O50) -> 0 | P51: =SUM(P47:P50) -> 0 | Q51: =SUM(Q47:Q50) -> 0 | S51: =IFERROR(SUM(#REF!)/SUM(#REF!),"") | U51: Adherence | W51: =N51 -> 0 | X51: =O51 -> 0 | Y51: =P51 -> 0 | Z51: =Q51 -> 0 | AA51: =SUM(W51:Z51) -> 0
S52: =IFERROR(SUM(#REF!)/SUM(#REF!),"") | U52: ACH | W52: =IF(W50<>0,W51/W50,"") | X52: =IF(X50<>0,X51/X50,"") | Y52: =IF(Y50<>0,Y51/Y50,"") | Z52: =IF(Z50<>0,Z51/Z50,"") | AA52: =IF(AA50<>0,AA51/AA50,"")
S53: =IFERROR(SUM(#REF!)/SUM(#REF!),"")
S54: =IFERROR(SUM(#REF!)/SUM(#REF!),"")
S55: =IFERROR(SUM(#REF!)/SUM(#REF!),"")
S56: =IFERROR(SUM(#REF!)/SUM(#REF!),"")
S57: =IFERROR(SUM(#REF!)/SUM(#REF!),"")
S58: =IFERROR(SUM(N31:Q31)/SUM(J31:M31),"") -> 0
S59: =IFERROR(SUM(N39:Q39)/SUM(J39:M39),"")

Sheet Adherence (OP)
T1: Tatweer Misr Ops Adherence | V1: W1 | W1: W2 | X1: W3 | Y1: W4 | Z1: Total
B2: QMS Que Name | C2: Tatweer Misr | D2: Tatweer Misr | E2: Tatweer Misr | F2: Agent Status | J2: Target | N2: Adherence | T2: Target | V2: =J31 -> 25 | W2: =K31 -> 25 | X2: =L31 -> 0 | Y2: =M31 -> 0 | Z2: =SUM(V2:Y2) -> 50
B3: Login ID | C3: Name | D3: Skill | E3: WFH/WFS | F3: W1 | G3: W2 | H3: W3 | I3: W4 | J3: W1 | K3: W2 | L3: W3 | M3: W4 | N3: W1 | O3: W2 | P3: W3 | Q3: W4 | R3: Total Adherence | S3: =IFERROR(SUM(#REF!)/SUM(#REF!),"") | T3: Adherence | V3: =N31 -> 0 | W3: =O31 -> 0 | X3: =P31 -> 0 | Y3: =Q31 -> 1 | Z3: =SUM(V3:Y3) -> 1
B4: 33277 | C4: Kareem Magdy | D4: IB | E4: WFS | F4: Old/(OP-QA) | G4: Old/(OP-QA) | J4: =IFERROR(VLOOKUP(F4,DV!$D:$E,2,FALSE),0) -> 1 | K4: =IFERROR(VLOOKUP(G4,DV!$D:$E,2,FALSE),0) -> 1 | L4: =IFERROR(VLOOKUP(H4,DV!$D:$E,2,FALSE),0) -> 0 | M4: =IFERROR(VLOOKUP(I4,DV!$D:$E,2,FALSE),0) -> 0 | N4: =COUNTIFS(Week,'Adherence (OP)'!N$3,Agent_ID,'Adherence (OP)'!$B4,TargeType,"Agent Level",Queue,$C$2,DEP,"Operation") -> 0 | O4: =COUNTIFS(Week,'Adherence (OP)'!O$3,Agent_ID,'Adherence (OP)'!$B4,TargeType,"Agent Level",Queue,$C$2,DEP,"Operation") -> 0 | P4: =COUNTIFS(Week,'Adherence (OP)'!P$3,Agent_ID,'Adherence (OP)'!$B4,TargeType,"Agent Level",Queue,$C$2,DEP,"Operation") -> 0 | Q4: =COUNTIFS(Week,'Adherence (OP)'!Q$3,Agent_ID,'Adherence (OP)'!$B4,TargeType,"Agent Level",Queue,$C$2,DEP,"Operation") -> 0 | R4: =SUM(N4:Q4)>=SUM(J4:M4) -> FALSE | S4: =IFERROR(SUM(#REF!)/SUM(#REF!),"") | T4: ACH | V4: =IF(V2<>0,V3/V2,"") -> 0 | W4: =IF(W2<>0,W3/W2,"") -> 0 | X4: =IF(X2<>0,X3/X2,"") | Y4: =IF(Y2<>0,Y3/Y2,"") | Z4: =IF(Z2<>0,Z3/Z2,"") -> 0.02
B5: 32764 | C5: Aya Tullah Abdelkha | D5: IB | E5: WFS | F5: Old/(OP-QA) | G5: Old/(OP-QA) | J5: =IFERROR(VLOOKUP(F5,DV!$D:$E,2,FALSE),0) -> 1 | K5: =IFERROR(VLOOKUP(G5,DV!$D:$E,2,FALSE),0) -> 1 | L5: =IFERROR(VLOOKUP(H5,DV!$D:$E,2,FALSE),0) -> 0 | M5: =IFERROR(VLOOKUP(I5,DV!$D:$E,2,FALSE),0) -> 0 | N5: =COUNTIFS(Week,'Adherence (OP)'!N$3,Agent_ID,'Adherence (OP)'!$B5,TargeType,"Agent Level",Queue,$C$2,DEP,"Operation") -> 0 | O5: =COUNTIFS(Week,'Adherence (OP)'!O$3,Agent_ID,'Adherence (OP)'!$B5,TargeType,"Agent Level",Queue,$C$2,DEP,"Operation") -> 0 | P5: =COUNTIFS(Week,'Adherence (OP)'!P$3,Agent_ID,'Adherence (OP)'!$B5,TargeType,"Agent Level",Queue,$C$2,DEP,"Operation") -> 0 | Q5: =COUNTIFS(Week,'Adherence (OP)'!Q$3,Agent_ID,'Adherence (OP)'!$B5,TargeType,"Agent Level",Queue,$C$2,DEP,"Operation") -> 0 | R5: =SUM(N5:Q5)>=SUM(J5:M5) -> FALSE | S5: =IFERROR(SUM(N4:Q4)/SUM(J4:M4),"") -> 0
B6: 32462 | C6: Shahd Ashraf Muhamed Saber | D6: IB | E6: WFS | F6: Old/(OP-QA) | G6: Old/(OP-QA) | J6: =IFERROR(VLOOKUP(F6,DV!$D:$E,2,FALSE),0) -> 1 | K6: =IFERROR(VLOOKUP(G6,DV!$D:$E,2,FALSE),0) -> 1 | L6: =IFERROR(VLOOKUP(H6,DV!$D:$E,2,FALSE),0) -> 0 | M6: =IFERROR(VLOOKUP(I6,DV!$D:$E,2,FALSE),0) -> 0 | N6: =COUNTIFS(Week,'Adherence (OP)'!N$3,Agent_ID,'Adherence (OP)'!$B6,TargeType,"Agent Level",Queue,$C$2,DEP,"Operation") -> 0 | O6: =COUNTIFS(Week,'Adherence (OP)'!O$3,Agent_ID,'Adherence (OP)'!$B6,TargeType,"Agent Level",Queue,$C$2,DEP,"Operation") -> 0 | P6: =COUNTIFS(Week,'Adherence (OP)'!P$3,Agent_ID,'Adherence (OP)'!$B6,TargeType,"Agent Level",Queue,$C$2,DEP,"Operation") -> 0 | Q6: =COUNTIFS(Week,'Adherence (OP)'!Q$3,Agent_ID,'Adherence (OP)'!$B6,TargeType,"Agent Level",Queue,$C$2,DEP,"Operation") -> 1 | R6: =SUM(N6:Q6)>=SUM(J6:M6) -> FALSE | S6: =IFERROR(SUM(#REF!)/SUM(#REF!),"")
B7: 33270 | C7: Yasmeen Mohammed Marhros | D7: IB | E7: WFS | F7: Old/(OP-QA) | G7: Old/(OP-QA) | J7: =IFERROR(VLOOKUP(F7,DV!$D:$E,2,FALSE),0) -> 1 | K7: =IFERROR(VLOOKUP(G7,DV!$D:$E,2,FALSE),0) -> 1 | L7: =IFERROR(VLOOKUP(H7,DV!$D:$E,2,FALSE),0) -> 0 | M7: =IFERROR(VLOOKUP(I7,DV!$D:$E,2,FALSE),0) -> 0 | N7: =COUNTIFS(Week,'Adherence (OP)'!N$3,Agent_ID,'Adherence (OP)'!$B7,TargeType,"Agent Level",Queue,$C$2,DEP,"Operation") -> 0 | O7: =COUNTIFS(Week,'Adherence (OP)'!O$3,Agent_ID,'Adherence (OP)'!$B7,TargeType,"Agent Level",Queue,$C$2,DEP,"Operation") -> 0 | P7: =COUNTIFS(Week,'Adherence (OP)'!P$3,Agent_ID,'Adherence (OP)'!$B7,TargeType,"Agent Level",Queue,$C$2,DEP,"Operation") -> 0 | Q7: =COUNTIFS(Week,'Adherence (OP)'!Q$3,Agent_ID,'Adherence (OP)'!$B7,TargeType,"Agent Level",Queue,$C$2,DEP,"Operation") -> 0 | R7: =SUM(N7:Q7)>=SUM(J7:M7) -> FALSE | S7: =IFERROR(SUM(#REF!)/SUM(#REF!),"")
B8: 33271 | C8: Mina Mahrous Samuel Salib | D8: IB | E8: WFS | F8: Old/(OP-QA) | G8: Old/(OP-QA) | J8: =IFERROR(VLOOKUP(F8,DV!$D:$E,2,FALSE),0) -> 1 | K8: =IFERROR(VLOOKUP(G8,DV!$D:$E,2,FALSE),0) -> 1 | L8: =IFERROR(VLOOKUP(H8,DV!$D:$E,2,FALSE),0) -> 0 | M8: =IFERROR(VLOOKUP(I8,DV!$D:$E,2,FALSE),0) -> 0 | N8: =COUNTIFS(Week,'Adherence (OP)'!N$3,Agent_ID,'Adherence (OP)'!$B8,TargeType,"Agent Level",Queue,$C$2,DEP,"Operation") -> 0 | O8: =COUNTIFS(Week,'Adherence (OP)'!O$3,Agent_ID,'Adherence (OP)'!$B8,TargeType,"Agent Level",Queue,$C$2,DEP,"Operation") -> 0 | P8: =COUNTIFS(Week,'Adherence (OP)'!P$3,Agent_ID,'Adherence (OP)'!$B8,TargeType,"Agent Level",Queue,$C$2,DEP,"Operation") -> 0 | Q8: =COUNTIFS(Week,'Adherence (OP)'!Q$3,Agent_ID,'Adherence (OP)'!$B8,TargeType,"Agent Level",Queue,$C$2,DEP,"Operation") -> 0 | R8: =SUM(N8:Q8)>=SUM(J8:M8) -> FALSE | S8: =IFERROR(SUM(#REF!)/SUM(#REF!),"")
B9: 32760 | C9: Hussien Ahmed Mohamed Salah El Deen | D9: IB | E9: WFS | F9: Old/(OP-QA) | G9: Old/(OP-QA) | J9: =IFERROR(VLOOKUP(F9,DV!$D:$E,2,FALSE),0) -> 1 | K9: =IFERROR(VLOOKUP(G9,DV!$D:$E,2,FALSE),0) -> 1 | L9: =IFERROR(VLOOKUP(H9,DV!$D:$E,2,FALSE),0) -> 0 | M9: =IFERROR(VLOOKUP(I9,DV!$D:$E,2,FALSE),0) -> 0 | N9: =COUNTIFS(Week,'Adherence (OP)'!N$3,Agent_ID,'Adherence (OP)'!$B9,TargeType,"Agent Level",Queue,$C$2,DEP,"Operation") -> 0 | O9: =COUNTIFS(Week,'Adherence (OP)'!O$3,Agent_ID,'Adherence (OP)'!$B9,TargeType,"Agent Level",Queue,$C$2,DEP,"Operation") -> 0 | P9: =COUNTIFS(Week,'Adherence (OP)'!P$3,Agent_ID,'Adherence (OP)'!$B9,TargeType,"Agent Level",Queue,$C$2,DEP,"Operation") -> 0 | Q9: =COUNTIFS(Week,'Adherence (OP)'!Q$3,Agent_ID,'Adherence (OP)'!$B9,TargeType,"Agent Level",Queue,$C$2,DEP,"Operation") -> 0 | R9: =SUM(N9:Q9)>=SUM(J9:M9) -> FALSE | S9: =IFERROR(SUM(#REF!)/SUM(#REF!),"")
B10: 31924 | C10: Nayera Mohamed Mostafa Amaar | D10: IB | E10: WFS | F10: Old/(OP-QA) | G10: Old/(OP-QA) | J10: =IFERROR(VLOOKUP(F10,DV!$D:$E,2,FALSE),0) -> 1 | K10: =IFERROR(VLOOKUP(G10,DV!$D:$E,2,FALSE),0) -> 1 | L10: =IFERROR(VLOOKUP(H10,DV!$D:$E,2,FALSE),0) -> 0 | M10: =IFERROR(VLOOKUP(I10,DV!$D:$E,2,FALSE),0) -> 0 | N10: =COUNTIFS(Week,'Adherence (OP)'!N$3,Agent_ID,'Adherence (OP)'!$B10,TargeType,"Agent Level",Queue,$C$2,DEP,"Operation") -> 0 | O10: =COUNTIFS(Week,'Adherence (OP)'!O$3,Agent_ID,'Adherence (OP)'!$B10,TargeType,"Agent Level",Queue,$C$2,DEP,"Operation") -> 0 | P10: =COUNTIFS(Week,'Adherence (OP)'!P$3,Agent_ID,'Adherence (OP)'!$B10,TargeType,"Agent Level",Queue,$C$2,DEP,"Operation") -> 0 | Q10: =COUNTIFS(Week,'Adherence (OP)'!Q$3,Agent_ID,'Adherence (OP)'!$B10,TargeType,"Agent Level",Queue,$C$2,DEP,"Operation") -> 0 | R10: =SUM(N10:Q10)>=SUM(J10:M10) -> FALSE | S10: =IFERROR(SUM(#REF!)/SUM(#REF!),"")
B11: 33279 | C11: Clair Maher Nageh | D11: IB | E11: WFS | F11: Old/(OP-QA) | G11: Old/(OP-QA) | J11: =IFERROR(VLOOKUP(F11,DV!$D:$E,2,FALSE),0) -> 1 | K11: =IFERROR(VLOOKUP(G11,DV!$D:$E,2,FALSE),0) -> 1 | L11: =IFERROR(VLOOKUP(H11,DV!$D:$E,2,FALSE),0) -> 0 | M11: =IFERROR(VLOOKUP(I11,DV!$D:$E,2,FALSE),0) -> 0 | N11: =COUNTIFS(Week,'Adherence (OP)'!N$3,Agent_ID,'Adherence (OP)'!$B11,TargeType,"Agent Level",Queue,$C$2,DEP,"Operation") -> 0 | O11: =COUNTIFS(Week,'Adherence (OP)'!O$3,Agent_ID,'Adherence (OP)'!$B11,TargeType,"Agent Level",Queue,$C$2,DEP,"Operation") -> 0 | P11: =COUNTIFS(Week,'Adherence (OP)'!P$3,Agent_ID,'Adherence (OP)'!$B11,TargeType,"Agent Level",Queue,$C$2,DEP,"Operation") -> 0 | Q11: =COUNTIFS(Week,'Adherence (OP)'!Q$3,Agent_ID,'Adherence (OP)'!$B11,TargeType,"Agent Level",Queue,$C$2,DEP,"Operation") -> 0 | R11: =SUM(N11:Q11)>=SUM(J11:M11) -> FALSE | S11: =IFERROR(SUM(#REF!)/SUM(#REF!),"")
B12: 39025 | C12: Abdelrahman Sayed M | D12: IB | E12: WFS | F12: Old/(OP-QA) | G12: Old/(OP-QA) | J12: =IFERROR(VLOOKUP(F12,DV!$D:$E,2,FALSE),0) -> 1 | K12: =IFERROR(VLOOKUP(G12,DV!$D:$E,2,FALSE),0) -> 1 | L12: =IFERROR(VLOOKUP(H12,DV!$D:$E,2,FALSE),0) -> 0 | M12: =IFERROR(VLOOKUP(I12,DV!$D:$E,2,FALSE),0) -> 0 | N12: =COUNTIFS(Week,'Adherence (OP)'!N$3,Agent_ID,'Adherence (OP)'!$B12,TargeType,"Agent Level",Queue,$C$2,DEP,"Operation") -> 0 | O12: =COUNTIFS(Week,'Adherence (OP)'!O$3,Agent_ID,'Adherence (OP)'!$B12,TargeType,"Agent Level",Queue,$C$2,DEP,"Operation") -> 0 | P12: =COUNTIFS(Week,'Adherence (OP)'!P$3,Agent_ID,'Adherence (OP)'!$B12,TargeType,"Agent Level",Queue,$C$2,DEP,"Operation") -> 0 | Q12: =COUNTIFS(Week,'Adherence (OP)'!Q$3,Agent_ID,'Adherence (OP)'!$B12,TargeType,"Agent Level",Queue,$C$2,DEP,"Operation") -> 0 | R12: =SUM(N12:Q12)>=SUM(J12:M12) -> FALSE | S12: =IFERROR(SUM(#REF!)/SUM(#REF!),"")
B13: 39024 | C13: Rawan Hussien Mostafa Mohamed | D13: IB | E13: WFS | F13: Old/(OP-QA) | G13: Old/(OP-QA) | J13: =IFERROR(VLOOKUP(F13,DV!$D:$E,2,FALSE),0) -> 1 | K13: =IFERROR(VLOOKUP(G13,DV!$D:$E,2,FALSE),0) -> 1 | L13: =IFERROR(VLOOKUP(H13,DV!$D:$E,2,FALSE),0) -> 0 | M13: =IFERROR(VLOOKUP(I13,DV!$D:$E,2,FALSE),0) -> 0 | N13: =COUNTIFS(Week,'Adherence (OP)'!N$3,Agent_ID,'Adherence (OP)'!$B13,TargeType,"Agent Level",Queue,$C$2,DEP,"Operation") -> 0 | O13: =COUNTIFS(Week,'Adherence (OP)'!O$3,Agent_ID,'Adherence (OP)'!$B13,TargeType,"Agent Level",Queue,$C$2,DEP,"Operation") -> 0 | P13: =COUNTIFS(Week,'Adherence (OP)'!P$3,Agent_ID,'Adherence (OP)'!$B13,TargeType,"Agent Level",Queue,$C$2,DEP,"Operation") -> 0 | Q13: =COUNTIFS(Week,'Adherence (OP)'!Q$3,Agent_ID,'Adherence (OP)'!$B13,TargeType,"Agent Level",Queue,$C$2,DEP,"Operation") -> 0 | R13: =SUM(N13:Q13)>=SUM(J13:M13) -> FALSE | S13: =IFERROR(SUM(#REF!)/SUM(#REF!),"") | T13: Proper T Ops Adherence | V13: W1 | W13: W2 | X13: W3 | Y13: W4 | Z13: Total
B14: 32961 | C14: Nada Nashaat Mohamed | D14: IB | E14: WFS | F14: Old/(OP-QA) | G14: Old/(OP-QA) | J14: =IFERROR(VLOOKUP(F14,DV!$D:$E,2,FALSE),0) -> 1 | K14: =IFERROR(VLOOKUP(G14,DV!$D:$E,2,FALSE),0) -> 1 | L14: =IFERROR(VLOOKUP(H14,DV!$D:$E,2,FALSE),0) -> 0 | M14: =IFERROR(VLOOKUP(I14,DV!$D:$E,2,FALSE),0) -> 0 | N14: =COUNTIFS(Week,'Adherence (OP)'!N$3,Agent_ID,'Adherence (OP)'!$B14,TargeType,"Agent Level",Queue,$C$2,DEP,"Operation") -> 0 | O14: =COUNTIFS(Week,'Adherence (OP)'!O$3,Agent_ID,'Adherence (OP)'!$B14,TargeType,"Agent Level",Queue,$C$2,DEP,"Operation") -> 0 | P14: =COUNTIFS(Week,'Adherence (OP)'!P$3,Agent_ID,'Adherence (OP)'!$B14,TargeType,"Agent Level",Queue,$C$2,DEP,"Operation") -> 0 | Q14: =COUNTIFS(Week,'Adherence (OP)'!Q$3,Agent_ID,'Adherence (OP)'!$B14,TargeType,"Agent Level",Queue,$C$2,DEP,"Operation") -> 0 | R14: =SUM(N14:Q14)>=SUM(J14:M14) -> FALSE | S14: =IFERROR(SUM(N5:Q5)/SUM(J5:M5),"") -> 0 | T14: Target | V14: =J68 -> 28 | W14: =K68 -> 28 | X14: =L68 -> 13 | Y14: =M68 -> 13 | Z14: =SUM(V14:Y14) -> 82
B15: 31401 | C15: Mazen Mohamed Fathi Khattab | D15: IB | E15: WFS | F15: Old/(OP-QA) | G15: Old/(OP-QA) | J15: =IFERROR(VLOOKUP(F15,DV!$D:$E,2,FALSE),0) -> 1 | K15: =IFERROR(VLOOKUP(G15,DV!$D:$E,2,FALSE),0) -> 1 | L15: =IFERROR(VLOOKUP(H15,DV!$D:$E,2,FALSE),0) -> 0 | M15: =IFERROR(VLOOKUP(I15,DV!$D:$E,2,FALSE),0) -> 0 | N15: =COUNTIFS(Week,'Adherence (OP)'!N$3,Agent_ID,'Adherence (OP)'!$B15,TargeType,"Agent Level",Queue,$C$2,DEP,"Operation") -> 0 | O15: =COUNTIFS(Week,'Adherence (OP)'!O$3,Agent_ID,'Adherence (OP)'!$B15,TargeType,"Agent Level",Queue,$C$2,DEP,"Operation") -> 0 | P15: =COUNTIFS(Week,'Adherence (OP)'!P$3,Agent_ID,'Adherence (OP)'!$B15,TargeType,"Agent Level",Queue,$C$2,DEP,"Operation") -> 0 | Q15: =COUNTIFS(Week,'Adherence (OP)'!Q$3,Agent_ID,'Adherence (OP)'!$B15,TargeType,"Agent Level",Queue,$C$2,DEP,"Operation") -> 0 | R15: =SUM(N15:Q15)>=SUM(J15:M15) -> FALSE | S15: =IFERROR(SUM(N9:Q9)/SUM(J9:M9),"") -> 0 | T15: Adherence | V15: =N68 -> 0 | W15: =O68 -> 0 | X15: =P68 -> 0 | Y15: =Q68 -> 0 | Z15: =SUM(V15:Y15) -> 0
B16: 32962 | C16: Salma mohamed aly m | D16: IB | E16: WFS | F16: Old/(OP-QA) | G16: Old/(OP-QA) | J16: =IFERROR(VLOOKUP(F16,DV!$D:$E,2,FALSE),0) -> 1 | K16: =IFERROR(VLOOKUP(G16,DV!$D:$E,2,FALSE),0) -> 1 | L16: =IFERROR(VLOOKUP(H16,DV!$D:$E,2,FALSE),0) -> 0 | M16: =IFERROR(VLOOKUP(I16,DV!$D:$E,2,FALSE),0) -> 0 | N16: =COUNTIFS(Week,'Adherence (OP)'!N$3,Agent_ID,'Adherence (OP)'!$B16,TargeType,"Agent Level",Queue,$C$2,DEP,"Operation") -> 0 | O16: =COUNTIFS(Week,'Adherence (OP)'!O$3,Agent_ID,'Adherence (OP)'!$B16,TargeType,"Agent Level",Queue,$C$2,DEP,"Operation") -> 0 | P16: =COUNTIFS(Week,'Adherence (OP)'!P$3,Agent_ID,'Adherence (OP)'!$B16,TargeType,"Agent Level",Queue,$C$2,DEP,"Operation") -> 0 | Q16: =COUNTIFS(Week,'Adherence (OP)'!Q$3,Agent_ID,'Adherence (OP)'!$B16,TargeType,"Agent Level",Queue,$C$2,DEP,"Operation") -> 0 | R16: =SUM(N16:Q16)>=SUM(J16:M16) -> FALSE | S16: =IFERROR(SUM(N29:Q29)/SUM(J29:M29),"") | T16: ACH | V16: =IF(V14<>0,V15/V14,"") -> 0 | W16: =IF(W14<>0,W15/W14,"") -> 0 | X16: =IF(X14<>0,X15/X14,"") -> 0 | Y16: =IF(Y14<>0,Y15/Y14,"") -> 0 | Z16: =IF(Z14<>0,Z15/Z14,"") -> 0
B17: 32754 | C17: Aya Ossama Sayed El Tourk | D17: IB | E17: WFS | F17: New/(OP-QA) | G17: New/(OP-QA) | J17: =IFERROR(VLOOKUP(F17,DV!$D:$E,2,FALSE),0) -> 2 | K17: =IFERROR(VLOOKUP(G17,DV!$D:$E,2,FALSE),0) -> 2 | L17: =IFERROR(VLOOKUP(H17,DV!$D:$E,2,FALSE),0) -> 0 | M17: =IFERROR(VLOOKUP(I17,DV!$D:$E,2,FALSE),0) -> 0 | N17: =COUNTIFS(Week,'Adherence (OP)'!N$3,Agent_ID,'Adherence (OP)'!$B17,TargeType,"Agent Level",Queue,$C$2,DEP,"Operation") -> 0 | O17: =COUNTIFS(Week,'Adherence (OP)'!O$3,Agent_ID,'Adherence (OP)'!$B17,TargeType,"Agent Level",Queue,$C$2,DEP,"Operation") -> 0 | P17: =COUNTIFS(Week,'Adherence (OP)'!P$3,Agent_ID,'Adherence (OP)'!$B17,TargeType,"Agent Level",Queue,$C$2,DEP,"Operation") -> 0 | Q17: =COUNTIFS(Week,'Adherence (OP)'!Q$3,Agent_ID,'Adherence (OP)'!$B17,TargeType,"Agent Level",Queue,$C$2,DEP,"Operation") -> 0 | R17: =SUM(N17:Q17)>=SUM(J17:M17) -> FALSE | S17: =IFERROR(SUM(N30:Q30)/SUM(J30:M30),"")
B18: 32785 | C18: Yusuf Mustafa Ahmed Ahmed | D18: IB | E18: WFS | F18: New/(OP-QA) | G18: New/(OP-QA) | J18: =IFERROR(VLOOKUP(F18,DV!$D:$E,2,FALSE),0) -> 2 | K18: =IFERROR(VLOOKUP(G18,DV!$D:$E,2,FALSE),0) -> 2 | L18: =IFERROR(VLOOKUP(H18,DV!$D:$E,2,FALSE),0) -> 0 | M18: =IFERROR(VLOOKUP(I18,DV!$D:$E,2,FALSE),0) -> 0 | N18: =COUNTIFS(Week,'Adherence (OP)'!N$3,Agent_ID,'Adherence (OP)'!$B18,TargeType,"Agent Level",Queue,$C$2,DEP,"Operation") -> 0 | O18: =COUNTIFS(Week,'Adherence (OP)'!O$3,Agent_ID,'Adherence (OP)'!$B18,TargeType,"Agent Level",Queue,$C$2,DEP,"Operation") -> 0 | P18: =COUNTIFS(Week,'Adherence (OP)'!P$3,Agent_ID,'Adherence (OP)'!$B18,TargeType,"Agent Level",Queue,$C$2,DEP,"Operation") -> 0 | Q18: =COUNTIFS(Week,'Adherence (OP)'!Q$3,Agent_ID,'Adherence (OP)'!$B18,TargeType,"Agent Level",Queue,$C$2,DEP,"Operation") -> 0 | R18: =SUM(N18:Q18)>=SUM(J18:M18) -> FALSE | S18: =IFERROR(SUM(N31:Q31)/SUM(J31:M31),"") -> 0.02
B19: 32755 | C19: Hatem Shadi Farouk Ismai | D19: IB | E19: WFS | F19: New/(OP-QA) | G19: New/(OP-QA) | J19: =IFERROR(VLOOKUP(F19,DV!$D:$E,2,FALSE),0) -> 2 | K19: =IFERROR(VLOOKUP(G19,DV!$D:$E,2,FALSE),0) -> 2 | L19: =IFERROR(VLOOKUP(H19,DV!$D:$E,2,FALSE),0) -> 0 | M19: =IFERROR(VLOOKUP(I19,DV!$D:$E,2,FALSE),0) -> 0 | N19: =COUNTIFS(Week,'Adherence (OP)'!N$3,Agent_ID,'Adherence (OP)'!$B19,TargeType,"Agent Level",Queue,$C$2,DEP,"Operation") -> 0 | O19: =COUNTIFS(Week,'Adherence (OP)'!O$3,Agent_ID,'Adherence (OP)'!$B19,TargeType,"Agent Level",Queue,$C$2,DEP,"Operation") -> 0 | P19: =COUNTIFS(Week,'Adherence (OP)'!P$3,Agent_ID,'Adherence (OP)'!$B19,TargeType,"Agent Level",Queue,$C$2,DEP,"Operation") -> 0 | Q19: =COUNTIFS(Week,'Adherence (OP)'!Q$3,Agent_ID,'Adherence (OP)'!$B19,TargeType,"Agent Level",Queue,$C$2,DEP,"Operation") -> 0 | R19: =SUM(N19:Q19)>=SUM(J19:M19) -> FALSE
B20: 32767 | C20: Marwan walid reda Abdelai | D20: IB | E20: WFS | F20: New/(OP-QA) | G20: New/(OP-QA) | J20: =IFERROR(VLOOKUP(F20,DV!$D:$E,2,FALSE),0) -> 2 | K20: =IFERROR(VLOOKUP(G20,DV!$D:$E,2,FALSE),0) -> 2 | L20: =IFERROR(VLOOKUP(H20,DV!$D:$E,2,FALSE),0) -> 0 | M20: =IFERROR(VLOOKUP(I20,DV!$D:$E,2,FALSE),0) -> 0 | N20: =COUNTIFS(Week,'Adherence (OP)'!N$3,Agent_ID,'Adherence (OP)'!$B20,TargeType,"Agent Level",Queue,$C$2,DEP,"Operation") -> 0 | O20: =COUNTIFS(Week,'Adherence (OP)'!O$3,Agent_ID,'Adherence (OP)'!$B20,TargeType,"Agent Level",Queue,$C$2,DEP,"Operation") -> 0 | P20: =COUNTIFS(Week,'Adherence (OP)'!P$3,Agent_ID,'Adherence (OP)'!$B20,TargeType,"Agent Level",Queue,$C$2,DEP,"Operation") -> 0 | Q20: =COUNTIFS(Week,'Adherence (OP)'!Q$3,Agent_ID,'Adherence (OP)'!$B20,TargeType,"Agent Level",Queue,$C$2,DEP,"Operation") -> 0 | R20: =SUM(N20:Q20)>=SUM(J20:M20) -> FALSE
B21: 32756 | C21: Mona Mamdouh Mohamed Asho | D21: IB | E21: WFS | F21: New/(OP-QA) | G21: New/(OP-QA) | J21: =IFERROR(VLOOKUP(F21,DV!$D:$E,2,FALSE),0) -> 2 | K21: =IFERROR(VLOOKUP(G21,DV!$D:$E,2,FALSE),0) -> 2 | L21: =IFERROR(VLOOKUP(H21,DV!$D:$E,2,FALSE),0) -> 0 | M21: =IFERROR(VLOOKUP(I21,DV!$D:$E,2,FALSE),0) -> 0 | N21: =COUNTIFS(Week,'Adherence (OP)'!N$3,Agent_ID,'Adherence (OP)'!$B21,TargeType,"Agent Level",Queue,$C$2,DEP,"Operation") -> 0 | O21: =COUNTIFS(Week,'Adherence (OP)'!O$3,Agent_ID,'Adherence (OP)'!$B21,TargeType,"Agent Level",Queue,$C$2,DEP,"Operation") -> 0 | P21: =COUNTIFS(Week,'Adherence (OP)'!P$3,Agent_ID,'Adherence (OP)'!$B21,TargeType,"Agent Level",Queue,$C$2,DEP,"Operation") -> 0 | Q21: =COUNTIFS(Week,'Adherence (OP)'!Q$3,Agent_ID,'Adherence (OP)'!$B21,TargeType,"Agent Level",Queue,$C$2,DEP,"Operation") -> 0 | R21: =SUM(N21:Q21)>=SUM(J21:M21) -> FALSE
B22: 32762 | C22: Shahd Hossam Ali | D22: IB | E22: WFS | F22: New/(OP-QA) | G22: New/(OP-QA) | J22: =IFERROR(VLOOKUP(F22,DV!$D:$E,2,FALSE),0) -> 2 | K22: =IFERROR(VLOOKUP(G22,DV!$D:$E,2,FALSE),0) -> 2 | L22: =IFERROR(VLOOKUP(H22,DV!$D:$E,2,FALSE),0) -> 0 | M22: =IFERROR(VLOOKUP(I22,DV!$D:$E,2,FALSE),0) -> 0 | N22: =COUNTIFS(Week,'Adherence (OP)'!N$3,Agent_ID,'Adherence (OP)'!$B22,TargeType,"Agent Level",Queue,$C$2,DEP,"Operation") -> 0 | O22: =COUNTIFS(Week,'Adherence (OP)'!O$3,Agent_ID,'Adherence (OP)'!$B22,TargeType,"Agent Level",Queue,$C$2,DEP,"Operation") -> 0 | P22: =COUNTIFS(Week,'Adherence (OP)'!P$3,Agent_ID,'Adherence (OP)'!$B22,TargeType,"Agent Level",Queue,$C$2,DEP,"Operation") -> 0 | Q22: =COUNTIFS(Week,'Adherence (OP)'!Q$3,Agent_ID,'Adherence (OP)'!$B22,TargeType,"Agent Level",Queue,$C$2,DEP,"Operation") -> 0 | R22: =SUM(N22:Q22)>=SUM(J22:M22) -> FALSE
J23: =IFERROR(VLOOKUP(F23,DV!$D:$E,2,FALSE),0) -> 0 | K23: =IFERROR(VLOOKUP(G23,DV!$D:$E,2,FALSE),0) -> 0 | L23: =IFERROR(VLOOKUP(H23,DV!$D:$E,2,FALSE),0) -> 0 | M23: =IFERROR(VLOOKUP(I23,DV!$D:$E,2,FALSE),0) -> 0 | N23: =COUNTIFS(Week,'Adherence (OP)'!N$3,Agent_ID,'Adherence (OP)'!$B23,TargeType,"Agent Level",Queue,$C$2,DEP,"Operation") -> 0 | O23: =COUNTIFS(Week,'Adherence (OP)'!O$3,Agent_ID,'Adherence (OP)'!$B23,TargeType,"Agent Level",Queue,$C$2,DEP,"Operation") -> 0 | P23: =COUNTIFS(Week,'Adherence (OP)'!P$3,Agent_ID,'Adherence (OP)'!$B23,TargeType,"Agent Level",Queue,$C$2,DEP,"Operation") -> 0 | Q23: =COUNTIFS(Week,'Adherence (OP)'!Q$3,Agent_ID,'Adherence (OP)'!$B23,TargeType,"Agent Level",Queue,$C$2,DEP,"Operation") -> 0 | R23: =SUM(N23:Q23)>=SUM(J23:M23) -> TRUE
J24: =IFERROR(VLOOKUP(F24,DV!$D:$E,2,FALSE),0) -> 0 | K24: =IFERROR(VLOOKUP(G24,DV!$D:$E,2,FALSE),0) -> 0 | L24: =IFERROR(VLOOKUP(H24,DV!$D:$E,2,FALSE),0) -> 0 | M24: =IFERROR(VLOOKUP(I24,DV!$D:$E,2,FALSE),0) -> 0 | N24: =COUNTIFS(Week,'Adherence (OP)'!N$3,Agent_ID,'Adherence (OP)'!$B24,TargeType,"Agent Level",Queue,$C$2,DEP,"Operation") -> 0 | O24: =COUNTIFS(Week,'Adherence (OP)'!O$3,Agent_ID,'Adherence (OP)'!$B24,TargeType,"Agent Level",Queue,$C$2,DEP,"Operation") -> 0 | P24: =COUNTIFS(Week,'Adherence (OP)'!P$3,Agent_ID,'Adherence (OP)'!$B24,TargeType,"Agent Level",Queue,$C$2,DEP,"Operation") -> 0 | Q24: =COUNTIFS(Week,'Adherence (OP)'!Q$3,Agent_ID,'Adherence (OP)'!$B24,TargeType,"Agent Level",Queue,$C$2,DEP,"Operation") -> 0 | R24: =SUM(N24:Q24)>=SUM(J24:M24) -> TRUE
J25: =IFERROR(VLOOKUP(F25,DV!$D:$E,2,FALSE),0) -> 0 | K25: =IFERROR(VLOOKUP(G25,DV!$D:$E,2,FALSE),0) -> 0 | L25: =IFERROR(VLOOKUP(H25,DV!$D:$E,2,FALSE),0) -> 0 | M25: =IFERROR(VLOOKUP(I25,DV!$D:$E,2,FALSE),0) -> 0 | N25: =COUNTIFS(Week,'Adherence (OP)'!N$3,Agent_ID,'Adherence (OP)'!$B25,TargeType,"Agent Level",Queue,$C$2,DEP,"Operation") -> 0 | O25: =COUNTIFS(Week,'Adherence (OP)'!O$3,Agent_ID,'Adherence (OP)'!$B25,TargeType,"Agent Level",Queue,$C$2,DEP,"Operation") -> 0 | P25: =COUNTIFS(Week,'Adherence (OP)'!P$3,Agent_ID,'Adherence (OP)'!$B25,TargeType,"Agent Level",Queue,$C$2,DEP,"Operation") -> 0 | Q25: =COUNTIFS(Week,'Adherence (OP)'!Q$3,Agent_ID,'Adherence (OP)'!$B25,TargeType,"Agent Level",Queue,$C$2,DEP,"Operation") -> 0 | R25: =SUM(N25:Q25)>=SUM(J25:M25) -> TRUE
J26: =IFERROR(VLOOKUP(F26,DV!$D:$E,2,FALSE),0) -> 0 | K26: =IFERROR(VLOOKUP(G26,DV!$D:$E,2,FALSE),0) -> 0 | L26: =IFERROR(VLOOKUP(H26,DV!$D:$E,2,FALSE),0) -> 0 | M26: =IFERROR(VLOOKUP(I26,DV!$D:$E,2,FALSE),0) -> 0 | N26: =COUNTIFS(Week,'Adherence (OP)'!N$3,Agent_ID,'Adherence (OP)'!$B26,TargeType,"Agent Level",Queue,$C$2,DEP,"Operation") -> 0 | O26: =COUNTIFS(Week,'Adherence (OP)'!O$3,Agent_ID,'Adherence (OP)'!$B26,TargeType,"Agent Level",Queue,$C$2,DEP,"Operation") -> 0 | P26: =COUNTIFS(Week,'Adherence (OP)'!P$3,Agent_ID,'Adherence (OP)'!$B26,TargeType,"Agent Level",Queue,$C$2,DEP,"Operation") -> 0 | Q26: =COUNTIFS(Week,'Adherence (OP)'!Q$3,Agent_ID,'Adherence (OP)'!$B26,TargeType,"Agent Level",Queue,$C$2,DEP,"Operation") -> 0 | R26: =SUM(N26:Q26)>=SUM(J26:M26) -> TRUE
J27: =IFERROR(VLOOKUP(F27,DV!$D:$E,2,FALSE),0) -> 0 | K27: =IFERROR(VLOOKUP(G27,DV!$D:$E,2,FALSE),0) -> 0 | L27: =IFERROR(VLOOKUP(H27,DV!$D:$E,2,FALSE),0) -> 0 | M27: =IFERROR(VLOOKUP(I27,DV!$D:$E,2,FALSE),0) -> 0 | N27: =COUNTIFS(Week,'Adherence (OP)'!N$3,Agent_ID,'Adherence (OP)'!$B27,TargeType,"Agent Level",Queue,$C$2,DEP,"Operation") -> 0 | O27: =COUNTIFS(Week,'Adherence (OP)'!O$3,Agent_ID,'Adherence (OP)'!$B27,TargeType,"Agent Level",Queue,$C$2,DEP,"Operation") -> 0 | P27: =COUNTIFS(Week,'Adherence (OP)'!P$3,Agent_ID,'Adherence (OP)'!$B27,TargeType,"Agent Level",Queue,$C$2,DEP,"Operation") -> 0 | Q27: =COUNTIFS(Week,'Adherence (OP)'!Q$3,Agent_ID,'Adherence (OP)'!$B27,TargeType,"Agent Level",Queue,$C$2,DEP,"Operation") -> 0 | R27: =SUM(N27:Q27)>=SUM(J27:M27) -> TRUE
J28: =IFERROR(VLOOKUP(F28,DV!$D:$E,2,FALSE),0) -> 0 | K28: =IFERROR(VLOOKUP(G28,DV!$D:$E,2,FALSE),0) -> 0 | L28: =IFERROR(VLOOKUP(H28,DV!$D:$E,2,FALSE),0) -> 0 | M28: =IFERROR(VLOOKUP(I28,DV!$D:$E,2,FALSE),0) -> 0 | N28: =COUNTIFS(Week,'Adherence (OP)'!N$3,Agent_ID,'Adherence (OP)'!$B28,TargeType,"Agent Level",Queue,$C$2,DEP,"Operation") -> 0 | O28: =COUNTIFS(Week,'Adherence (OP)'!O$3,Agent_ID,'Adherence (OP)'!$B28,TargeType,"Agent Level",Queue,$C$2,DEP,"Operation") -> 0 | P28: =COUNTIFS(Week,'Adherence (OP)'!P$3,Agent_ID,'Adherence (OP)'!$B28,TargeType,"Agent Level",Queue,$C$2,DEP,"Operation") -> 0 | Q28: =COUNTIFS(Week,'Adherence (OP)'!Q$3,Agent_ID,'Adherence (OP)'!$B28,TargeType,"Agent Level",Queue,$C$2,DEP,"Operation") -> 0 | R28: =SUM(N28:Q28)>=SUM(J28:M28) -> TRUE | U28: Tatweer Misr OB Survey | W28: W1 | X28: W2 | Y28: W3 | Z28: W4 | AA28: Total
J29: =IFERROR(VLOOKUP(F29,DV!$D:$E,2,FALSE),0) -> 0 | K29: =IFERROR(VLOOKUP(G29,DV!$D:$E,2,FALSE),0) -> 0 | L29: =IFERROR(VLOOKUP(H29,DV!$D:$E,2,FALSE),0) -> 0 | M29: =IFERROR(VLOOKUP(I29,DV!$D:$E,2,FALSE),0) -> 0 | N29: =COUNTIFS(Week,'Adherence (OP)'!N$3,Agent_ID,'Adherence (OP)'!$B29,TargeType,"Agent Level",Queue,$C$2,DEP,"Operation") -> 0 | O29: =COUNTIFS(Week,'Adherence (OP)'!O$3,Agent_ID,'Adherence (OP)'!$B29,TargeType,"Agent Level",Queue,$C$2,DEP,"Operation") -> 0 | P29: =COUNTIFS(Week,'Adherence (OP)'!P$3,Agent_ID,'Adherence (OP)'!$B29,TargeType,"Agent Level",Queue,$C$2,DEP,"Operation") -> 0 | Q29: =COUNTIFS(Week,'Adherence (OP)'!Q$3,Agent_ID,'Adherence (OP)'!$B29,TargeType,"Agent Level",Queue,$C$2,DEP,"Operation") -> 0 | R29: =SUM(N29:Q29)>=SUM(J29:M29) -> TRUE | U29: Target | W29: =J78 -> 0 | X29: =K78 -> 0 | Y29: =L78 -> 0 | Z29: =M78 -> 0 | AA29: =SUM(W29:Z29) -> 0
J30: =IFERROR(VLOOKUP(F30,DV!$D:$E,2,FALSE),0) -> 0 | K30: =IFERROR(VLOOKUP(G30,DV!$D:$E,2,FALSE),0) -> 0 | L30: =IFERROR(VLOOKUP(H30,DV!$D:$E,2,FALSE),0) -> 0 | M30: =IFERROR(VLOOKUP(I30,DV!$D:$E,2,FALSE),0) -> 0 | N30: =COUNTIFS(Week,'Adherence (OP)'!N$3,Agent_ID,'Adherence (OP)'!$B30,TargeType,"Agent Level",Queue,$C$2,DEP,"Operation") -> 0 | O30: =COUNTIFS(Week,'Adherence (OP)'!O$3,Agent_ID,'Adherence (OP)'!$B30,TargeType,"Agent Level",Queue,$C$2,DEP,"Operation") -> 0 | P30: =COUNTIFS(Week,'Adherence (OP)'!P$3,Agent_ID,'Adherence (OP)'!$B30,TargeType,"Agent Level",Queue,$C$2,DEP,"Operation") -> 0 | Q30: =COUNTIFS(Week,'Adherence (OP)'!Q$3,Agent_ID,'Adherence (OP)'!$B30,TargeType,"Agent Level",Queue,$C$2,DEP,"Operation") -> 0 | R30: =SUM(N30:Q30)>=SUM(J30:M30) -> TRUE | U30: Adherence | W30: =N78 -> 0 | X30: =O78 -> 0 | Y30: =P78 -> 0 | Z30: =Q78 -> 0 | AA30: =SUM(W30:Z30) -> 0
B31: Total | J31: =SUM(J4:J30) -> 25 | K31: =SUM(K4:K30) -> 25 | L31: =SUM(L4:L30) -> 0 | M31: =SUM(M4:M30) -> 0 | N31: =SUM(N4:N30) -> 0 | O31: =SUM(O4:O30) -> 0 | P31: =SUM(P4:P30) -> 0 | Q31: =SUM(Q4:Q30) -> 1 | U31: ACH | W31: =IF(W29<>0,W30/W29,"") | X31: =IF(X29<>0,X30/X29,"") | Y31: =IF(Y29<>0,Y30/Y29,"") | Z31: =IF(Z29<>0,Z30/Z29,"") | AA31: =IF(AA29<>0,AA30/AA29,"")
S32: =IFERROR(SUM(N40:Q40)/SUM(J40:M40),"") -> 0
S33: =IFERROR(SUM(#REF!)/SUM(#REF!),"")
S34: =IFERROR(SUM(#REF!)/SUM(#REF!),"")
S35: =IFERROR(SUM(#REF!)/SUM(#REF!),"")
S36: =IFERROR(SUM(#REF!)/SUM(#REF!),"")
S37: =IFERROR(SUM(#REF!)/SUM(#REF!),"")
B38: QMS Que Name | C38: Proper T | F38: Agent Status | J38: Target | N38: Adherence | S38: =IFERROR(SUM(N41:Q41)/SUM(J41:M41),"") -> 0
B39: Login ID | C39: Name | D39: Skill | E39: WFH/WFS | F39: W1 | G39: W2 | H39: W3 | I39: W4 | J39: W1 | K39: W2 | L39: W3 | M39: W4 | N39: W1 | O39: W2 | P39: W3 | Q39: W4 | R39: Total Adherence | S39: =IFERROR(SUM(#REF!)/SUM(#REF!),"")
B40: 33277 | C40: Kareem Magdy | D40: IB | E40: WFS | F40: Old/(OP-QA) | G40: Old/(OP-QA) | H40: Old/(OP-QA) | I40: Old/(OP-QA) | J40: =IFERROR(VLOOKUP(F40,DV!$D:$E,2,FALSE),0) -> 1 | K40: =IFERROR(VLOOKUP(G40,DV!$D:$E,2,FALSE),0) -> 1 | L40: =IFERROR(VLOOKUP(H40,DV!$D:$E,2,FALSE),0) -> 1 | M40: =IFERROR(VLOOKUP(I40,DV!$D:$E,2,FALSE),0) -> 1 | N40: =COUNTIFS(Week,'Adherence (OP)'!N$3,Agent_ID,'Adherence (OP)'!$B40,TargeType,"Agent Level",Queue,$C$38,DEP,"Operation") -> 0 | O40: =COUNTIFS(Week,'Adherence (OP)'!O$3,Agent_ID,'Adherence (OP)'!$B40,TargeType,"Agent Level",Queue,$C$38,DEP,"Operation") -> 0 | P40: =COUNTIFS(Week,'Adherence (OP)'!P$3,Agent_ID,'Adherence (OP)'!$B40,TargeType,"Agent Level",Queue,$C$38,DEP,"Operation") -> 0 | Q40: =COUNTIFS(Week,'Adherence (OP)'!Q$3,Agent_ID,'Adherence (OP)'!$B40,TargeType,"Agent Level",Queue,$C$38,DEP,"Operation") -> 0 | R40: =SUM(N40:Q40)>=SUM(J40:M40) -> FALSE | S40: =IFERROR(SUM(N42:Q42)/SUM(J42:M42),"") -> 0
B41: 32764 | C41: Aya Tullah Abdelkha | D41: IB | E41: WFS | F41: Old/(OP-QA) | G41: Old/(OP-QA) | H41: Old/(OP-QA) | I41: Old/(OP-QA) | J41: =IFERROR(VLOOKUP(F41,DV!$D:$E,2,FALSE),0) -> 1 | K41: =IFERROR(VLOOKUP(G41,DV!$D:$E,2,FALSE),0) -> 1 | L41: =IFERROR(VLOOKUP(H41,DV!$D:$E,2,FALSE),0) -> 1 | M41: =IFERROR(VLOOKUP(I41,DV!$D:$E,2,FALSE),0) -> 1 | N41: =COUNTIFS(Week,'Adherence (OP)'!N$3,Agent_ID,'Adherence (OP)'!$B41,TargeType,"Agent Level",Queue,$C$38,DEP,"Operation") -> 0 | O41: =COUNTIFS(Week,'Adherence (OP)'!O$3,Agent_ID,'Adherence (OP)'!$B41,TargeType,"Agent Level",Queue,$C$38,DEP,"Operation") -> 0 | P41: =COUNTIFS(Week,'Adherence (OP)'!P$3,Agent_ID,'Adherence (OP)'!$B41,TargeType,"Agent Level",Queue,$C$38,DEP,"Operation") -> 0 | Q41: =COUNTIFS(Week,'Adherence (OP)'!Q$3,Agent_ID,'Adherence (OP)'!$B41,TargeType,"Agent Level",Queue,$C$38,DEP,"Operation") -> 0 | R41: =SUM(N41:Q41)>=SUM(J41:M41) -> FALSE | S41: =IFERROR(SUM(#REF!)/SUM(#REF!),"")
B42: 32462 | C42: Shahd Ashraf Muhamed Saber | D42: IB | E42: WFS | F42: Old/(OP-QA) | G42: Old/(OP-QA) | H42: Old/(OP-QA) | I42: Old/(OP-QA) | J42: =IFERROR(VLOOKUP(F42,DV!$D:$E,2,FALSE),0) -> 1 | K42: =IFERROR(VLOOKUP(G42,DV!$D:$E,2,FALSE),0) -> 1 | L42: =IFERROR(VLOOKUP(H42,DV!$D:$E,2,FALSE),0) -> 1 | M42: =IFERROR(VLOOKUP(I42,DV!$D:$E,2,FALSE),0) -> 1 | N42: =COUNTIFS(Week,'Adherence (OP)'!N$3,Agent_ID,'Adherence (OP)'!$B42,TargeType,"Agent Level",Queue,$C$38,DEP,"Operation") -> 0 | O42: =COUNTIFS(Week,'Adherence (OP)'!O$3,Agent_ID,'Adherence (OP)'!$B42,TargeType,"Agent Level",Queue,$C$38,DEP,"Operation") -> 0 | P42: =COUNTIFS(Week,'Adherence (OP)'!P$3,Agent_ID,'Adherence (OP)'!$B42,TargeType,"Agent Level",Queue,$C$38,DEP,"Operation") -> 0 | Q42: =COUNTIFS(Week,'Adherence (OP)'!Q$3,Agent_ID,'Adherence (OP)'!$B42,TargeType,"Agent Level",Queue,$C$38,DEP,"Operation") -> 0 | R42: =SUM(N42:Q42)>=SUM(J42:M42) -> FALSE | S42: =IFERROR(SUM(N44:Q44)/SUM(J44:M44),"") -> 0
B43: 33270 | C43: Yasmeen Mohammed Marhros | D43: IB | E43: WFS | F43: Old/(OP-QA) | G43: Old/(OP-QA) | H43: Old/(OP-QA) | I43: Old/(OP-QA) | J43: =IFERROR(VLOOKUP(F43,DV!$D:$E,2,FALSE),0) -> 1 | K43: =IFERROR(VLOOKUP(G43,DV!$D:$E,2,FALSE),0) -> 1 | L43: =IFERROR(VLOOKUP(H43,DV!$D:$E,2,FALSE),0) -> 1 | M43: =IFERROR(VLOOKUP(I43,DV!$D:$E,2,FALSE),0) -> 1 | N43: =COUNTIFS(Week,'Adherence (OP)'!N$3,Agent_ID,'Adherence (OP)'!$B43,TargeType,"Agent Level",Queue,$C$38,DEP,"Operation") -> 0 | O43: =COUNTIFS(Week,'Adherence (OP)'!O$3,Agent_ID,'Adherence (OP)'!$B43,TargeType,"Agent Level",Queue,$C$38,DEP,"Operation") -> 0 | P43: =COUNTIFS(Week,'Adherence (OP)'!P$3,Agent_ID,'Adherence (OP)'!$B43,TargeType,"Agent Level",Queue,$C$38,DEP,"Operation") -> 0 | Q43: =COUNTIFS(Week,'Adherence (OP)'!Q$3,Agent_ID,'Adherence (OP)'!$B43,TargeType,"Agent Level",Queue,$C$38,DEP,"Operation") -> 0 | R43: =SUM(N43:Q43)>=SUM(J43:M43) -> FALSE | S43: =IFERROR(SUM(N45:Q45)/SUM(J45:M45),"") -> 0
B44: 33271 | C44: Mina Mahrous Samuel Salib | D44: IB | E44: WFS | F44: Old/(OP-QA) | G44: Old/(OP-QA) | H44: Old/(OP-QA) | I44: Old/(OP-QA) | J44: =IFERROR(VLOOKUP(F44,DV!$D:$E,2,FALSE),0) -> 1 | K44: =IFERROR(VLOOKUP(G44,DV!$D:$E,2,FALSE),0) -> 1 | L44: =IFERROR(VLOOKUP(H44,DV!$D:$E,2,FALSE),0) -> 1 | M44: =IFERROR(VLOOKUP(I44,DV!$D:$E,2,FALSE),0) -> 1 | N44: =COUNTIFS(Week,'Adherence (OP)'!N$3,Agent_ID,'Adherence (OP)'!$B44,TargeType,"Agent Level",Queue,$C$38,DEP,"Operation") -> 0 | O44: =COUNTIFS(Week,'Adherence (OP)'!O$3,Agent_ID,'Adherence (OP)'!$B44,TargeType,"Agent Level",Queue,$C$38,DEP,"Operation") -> 0 | P44: =COUNTIFS(Week,'Adherence (OP)'!P$3,Agent_ID,'Adherence (OP)'!$B44,TargeType,"Agent Level",Queue,$C$38,DEP,"Operation") -> 0 | Q44: =COUNTIFS(Week,'Adherence (OP)'!Q$3,Agent_ID,'Adherence (OP)'!$B44,TargeType,"Agent Level",Queue,$C$38,DEP,"Operation") -> 0 | R44: =SUM(N44:Q44)>=SUM(J44:M44) -> FALSE | S44: =IFERROR(SUM(#REF!)/SUM(#REF!),"")
B45: 32760 | C45: Hussien Ahmed Mohamed Salah El Deen | D45: IB | E45: WFS | F45: Old/(OP-QA) | G45: Old/(OP-QA) | H45: Old/(OP-QA) | I45: Old/(OP-QA) | J45: =IFERROR(VLOOKUP(F45,DV!$D:$E,2,FALSE),0) -> 1 | K45: =IFERROR(VLOOKUP(G45,DV!$D:$E,2,FALSE),0) -> 1 | L45: =IFERROR(VLOOKUP(H45,DV!$D:$E,2,FALSE),0) -> 1 | M45: =IFERROR(VLOOKUP(I45,DV!$D:$E,2,FALSE),0) -> 1 | N45: =COUNTIFS(Week,'Adherence (OP)'!N$3,Agent_ID,'Adherence (OP)'!$B45,TargeType,"Agent Level",Queue,$C$38,DEP,"Operation") -> 0 | O45: =COUNTIFS(Week,'Adherence (OP)'!O$3,Agent_ID,'Adherence (OP)'!$B45,TargeType,"Agent Level",Queue,$C$38,DEP,"Operation") -> 0 | P45: =COUNTIFS(Week,'Adherence (OP)'!P$3,Agent_ID,'Adherence (OP)'!$B45,TargeType,"Agent Level",Queue,$C$38,DEP,"Operation") -> 0 | Q45: =COUNTIFS(Week,'Adherence (OP)'!Q$3,Agent_ID,'Adherence (OP)'!$B45,TargeType,"Agent Level",Queue,$C$38,DEP,"Operation") -> 0 | R45: =SUM(N45:Q45)>=SUM(J45:M45) -> FALSE | S45: =IFERROR(SUM(#REF!)/SUM(#REF!),"")
B46: 31924 | C46: Nayera Mohamed Mostafa Amaar | D46: IB | E46: WFS | F46: Old/(OP-QA) | G46: Old/(OP-QA) | H46: Old/(OP-QA) | I46: Old/(OP-QA) | J46: =IFERROR(VLOOKUP(F46,DV!$D:$E,2,FALSE),0) -> 1 | K46: =IFERROR(VLOOKUP(G46,DV!$D:$E,2,FALSE),0) -> 1 | L46: =IFERROR(VLOOKUP(H46,DV!$D:$E,2,FALSE),0) -> 1 | M46: =IFERROR(VLOOKUP(I46,DV!$D:$E,2,FALSE),0) -> 1 | N46: =COUNTIFS(Week,'Adherence (OP)'!N$3,Agent_ID,'Adherence (OP)'!$B46,TargeType,"Agent Level",Queue,$C$38,DEP,"Operation") -> 0 | O46: =COUNTIFS(Week,'Adherence (OP)'!O$3,Agent_ID,'Adherence (OP)'!$B46,TargeType,"Agent Level",Queue,$C$38,DEP,"Operation") -> 0 | P46: =COUNTIFS(Week,'Adherence (OP)'!P$3,Agent_ID,'Adherence (OP)'!$B46,TargeType,"Agent Level",Queue,$C$38,DEP,"Operation") -> 0 | Q46: =COUNTIFS(Week,'Adherence (OP)'!Q$3,Agent_ID,'Adherence (OP)'!$B46,TargeType,"Agent Level",Queue,$C$38,DEP,"Operation") -> 0 | R46: =SUM(N46:Q46)>=SUM(J46:M46) -> FALSE | S46: =IFERROR(SUM(N66:Q66)/SUM(J66:M66),"")
B47: 33279 | C47: Clair Maher Nageh | D47: IB | E47: WFS | F47: Old/(OP-QA) | G47: Old/(OP-QA) | H47: Old/(OP-QA) | I47: Old/(OP-QA) | J47: =IFERROR(VLOOKUP(F47,DV!$D:$E,2,FALSE),0) -> 1 | K47: =IFERROR(VLOOKUP(G47,DV!$D:$E,2,FALSE),0) -> 1 | L47: =IFERROR(VLOOKUP(H47,DV!$D:$E,2,FALSE),0) -> 1 | M47: =IFERROR(VLOOKUP(I47,DV!$D:$E,2,FALSE),0) -> 1 | N47: =COUNTIFS(Week,'Adherence (OP)'!N$3,Agent_ID,'Adherence (OP)'!$B47,TargeType,"Agent Level",Queue,$C$38,DEP,"Operation") -> 0 | O47: =COUNTIFS(Week,'Adherence (OP)'!O$3,Agent_ID,'Adherence (OP)'!$B47,TargeType,"Agent Level",Queue,$C$38,DEP,"Operation") -> 0 | P47: =COUNTIFS(Week,'Adherence (OP)'!P$3,Agent_ID,'Adherence (OP)'!$B47,TargeType,"Agent Level",Queue,$C$38,DEP,"Operation") -> 0 | Q47: =COUNTIFS(Week,'Adherence (OP)'!Q$3,Agent_ID,'Adherence (OP)'!$B47,TargeType,"Agent Level",Queue,$C$38,DEP,"Operation") -> 0 | R47: =SUM(N47:Q47)>=SUM(J47:M47) -> FALSE | S47: =IFERROR(SUM(N67:Q67)/SUM(J67:M67),"")
B48: 39025 | C48: Abdelrahman Sayed M | D48: IB | E48: WFS | F48: Old/(OP-QA) | G48: Old/(OP-QA) | H48: Old/(OP-QA) | I48: Old/(OP-QA) | J48: =IFERROR(VLOOKUP(F48,DV!$D:$E,2,FALSE),0) -> 1 | K48: =IFERROR(VLOOKUP(G48,DV!$D:$E,2,FALSE),0) -> 1 | L48: =IFERROR(VLOOKUP(H48,DV!$D:$E,2,FALSE),0) -> 1 | M48: =IFERROR(VLOOKUP(I48,DV!$D:$E,2,FALSE),0) -> 1 | N48: =COUNTIFS(Week,'Adherence (OP)'!N$3,Agent_ID,'Adherence (OP)'!$B48,TargeType,"Agent Level",Queue,$C$38,DEP,"Operation") -> 0 | O48: =COUNTIFS(Week,'Adherence (OP)'!O$3,Agent_ID,'Adherence (OP)'!$B48,TargeType,"Agent Level",Queue,$C$38,DEP,"Operation") -> 0 | P48: =COUNTIFS(Week,'Adherence (OP)'!P$3,Agent_ID,'Adherence (OP)'!$B48,TargeType,"Agent Level",Queue,$C$38,DEP,"Operation") -> 0 | Q48: =COUNTIFS(Week,'Adherence (OP)'!Q$3,Agent_ID,'Adherence (OP)'!$B48,TargeType,"Agent Level",Queue,$C$38,DEP,"Operation") -> 0 | R48: =SUM(N48:Q48)>=SUM(J48:M48) -> FALSE
B49: 39024 | C49: Rawan Hussien Mostafa Mohamed | D49: IB | E49: WFS | F49: Old/(OP-QA) | G49: Old/(OP-QA) | H49: Old/(OP-QA) | I49: Old/(OP-QA) | J49: =IFERROR(VLOOKUP(F49,DV!$D:$E,2,FALSE),0) -> 1 | K49: =IFERROR(VLOOKUP(G49,DV!$D:$E,2,FALSE),0) -> 1 | L49: =IFERROR(VLOOKUP(H49,DV!$D:$E,2,FALSE),0) -> 1 | M49: =IFERROR(VLOOKUP(I49,DV!$D:$E,2,FALSE),0) -> 1 | N49: =COUNTIFS(Week,'Adherence (OP)'!N$3,Agent_ID,'Adherence (OP)'!$B49,TargeType,"Agent Level",Queue,$C$38,DEP,"Operation") -> 0 | O49: =COUNTIFS(Week,'Adherence (OP)'!O$3,Agent_ID,'Adherence (OP)'!$B49,TargeType,"Agent Level",Queue,$C$38,DEP,"Operation") -> 0 | P49: =COUNTIFS(Week,'Adherence (OP)'!P$3,Agent_ID,'Adherence (OP)'!$B49,TargeType,"Agent Level",Queue,$C$38,DEP,"Operation") -> 0 | Q49: =COUNTIFS(Week,'Adherence (OP)'!Q$3,Agent_ID,'Adherence (OP)'!$B49,TargeType,"Agent Level",Queue,$C$38,DEP,"Operation") -> 0 | R49: =SUM(N49:Q49)>=SUM(J49:M49) -> FALSE
B50: 32961 | C50: Nada Nashaat Mohamed | D50: IB | E50: WFS | F50: New/(OP-QA) | G50: New/(OP-QA) | H50: Old/(OP-QA) | I50: Old/(OP-QA) | J50: =IFERROR(VLOOKUP(F50,DV!$D:$E,2,FALSE),0) -> 2 | K50: =IFERROR(VLOOKUP(G50,DV!$D:$E,2,FALSE),0) -> 2 | L50: =IFERROR(VLOOKUP(H50,DV!$D:$E,2,FALSE),0) -> 1 | M50: =IFERROR(VLOOKUP(I50,DV!$D:$E,2,FALSE),0) -> 1 | N50: =COUNTIFS(Week,'Adherence (OP)'!N$3,Agent_ID,'Adherence (OP)'!$B50,TargeType,"Agent Level",Queue,$C$38,DEP,"Operation") -> 0 | O50: =COUNTIFS(Week,'Adherence (OP)'!O$3,Agent_ID,'Adherence (OP)'!$B50,TargeType,"Agent Level",Queue,$C$38,DEP,"Operation") -> 0 | P50: =COUNTIFS(Week,'Adherence (OP)'!P$3,Agent_ID,'Adherence (OP)'!$B50,TargeType,"Agent Level",Queue,$C$38,DEP,"Operation") -> 0 | Q50: =COUNTIFS(Week,'Adherence (OP)'!Q$3,Agent_ID,'Adherence (OP)'!$B50,TargeType,"Agent Level",Queue,$C$38,DEP,"Operation") -> 0 | R50: =SUM(N50:Q50)>=SUM(J50:M50) -> FALSE
B51: 31401 | C51: Mazen Mohamed Fathi Khattab | D51: IB | E51: WFS | F51: New/(OP-QA) | G51: New/(OP-QA) | H51: Old/(OP-QA) | I51: Old/(OP-QA) | J51: =IFERROR(VLOOKUP(F51,DV!$D:$E,2,FALSE),0) -> 2 | K51: =IFERROR(VLOOKUP(G51,DV!$D:$E,2,FALSE),0) -> 2 | L51: =IFERROR(VLOOKUP(H51,DV!$D:$E,2,FALSE),0) -> 1 | M51: =IFERROR(VLOOKUP(I51,DV!$D:$E,2,FALSE),0) -> 1 | N51: =COUNTIFS(Week,'Adherence (OP)'!N$3,Agent_ID,'Adherence (OP)'!$B51,TargeType,"Agent Level",Queue,$C$38,DEP,"Operation") -> 0 | O51: =COUNTIFS(Week,'Adherence (OP)'!O$3,Agent_ID,'Adherence (OP)'!$B51,TargeType,"Agent Level",Queue,$C$38,DEP,"Operation") -> 0 | P51: =COUNTIFS(Week,'Adherence (OP)'!P$3,Agent_ID,'Adherence (OP)'!$B51,TargeType,"Agent Level",Queue,$C$38,DEP,"Operation") -> 0 | Q51: =COUNTIFS(Week,'Adherence (OP)'!Q$3,Agent_ID,'Adherence (OP)'!$B51,TargeType,"Agent Level",Queue,$C$38,DEP,"Operation") -> 0 | R51: =SUM(N51:Q51)>=SUM(J51:M51) -> FALSE
B52: 32962 | C52: Salma mohamed aly | D52: IB | E52: WFS | F52: New/(OP-QA) | G52: New/(OP-QA) | H52: Old/(OP-QA) | I52: Old/(OP-QA) | J52: =IFERROR(VLOOKUP(F52,DV!$D:$E,2,FALSE),0) -> 2 | K52: =IFERROR(VLOOKUP(G52,DV!$D:$E,2,FALSE),0) -> 2 | L52: =IFERROR(VLOOKUP(H52,DV!$D:$E,2,FALSE),0) -> 1 | M52: =IFERROR(VLOOKUP(I52,DV!$D:$E,2,FALSE),0) -> 1 | N52: =COUNTIFS(Week,'Adherence (OP)'!N$3,Agent_ID,'Adherence (OP)'!$B52,TargeType,"Agent Level",Queue,$C$38,DEP,"Operation") -> 0 | O52: =COUNTIFS(Week,'Adherence (OP)'!O$3,Agent_ID,'Adherence (OP)'!$B52,TargeType,"Agent Level",Queue,$C$38,DEP,"Operation") -> 0 | P52: =COUNTIFS(Week,'Adherence (OP)'!P$3,Agent_ID,'Adherence (OP)'!$B52,TargeType,"Agent Level",Queue,$C$38,DEP,"Operation") -> 0 | Q52: =COUNTIFS(Week,'Adherence (OP)'!Q$3,Agent_ID,'Adherence (OP)'!$B52,TargeType,"Agent Level",Queue,$C$38,DEP,"Operation") -> 0 | R52: =SUM(N52:Q52)>=SUM(J52:M52) -> FALSE
B53: 32754 | C53: Aya Ossama Sayed El Tourk | D53: IB | E53: WFS | F53: New/(OP-QA) | G53: New/(OP-QA) | J53: =IFERROR(VLOOKUP(F53,DV!$D:$E,2,FALSE),0) -> 2 | K53: =IFERROR(VLOOKUP(G53,DV!$D:$E,2,FALSE),0) -> 2 | L53: =IFERROR(VLOOKUP(H53,DV!$D:$E,2,FALSE),0) -> 0 | M53: =IFERROR(VLOOKUP(I53,DV!$D:$E,2,FALSE),0) -> 0 | N53: =COUNTIFS(Week,'Adherence (OP)'!N$3,Agent_ID,'Adherence (OP)'!$B53,TargeType,"Agent Level",Queue,$C$38,DEP,"Operation") -> 0 | O53: =COUNTIFS(Week,'Adherence (OP)'!O$3,Agent_ID,'Adherence (OP)'!$B53,TargeType,"Agent Level",Queue,$C$38,DEP,"Operation") -> 0 | P53: =COUNTIFS(Week,'Adherence (OP)'!P$3,Agent_ID,'Adherence (OP)'!$B53,TargeType,"Agent Level",Queue,$C$38,DEP,"Operation") -> 0 | Q53: =COUNTIFS(Week,'Adherence (OP)'!Q$3,Agent_ID,'Adherence (OP)'!$B53,TargeType,"Agent Level",Queue,$C$38,DEP,"Operation") -> 0 | R53: =SUM(N53:Q53)>=SUM(J53:M53) -> FALSE
B54: 32785 | C54: Yusuf Mustafa Ahmed Ahmed | D54: IB | E54: WFS | F54: New/(OP-QA) | G54: New/(OP-QA) | J54: =IFERROR(VLOOKUP(F54,DV!$D:$E,2,FALSE),0) -> 2 | K54: =IFERROR(VLOOKUP(G54,DV!$D:$E,2,FALSE),0) -> 2 | L54: =IFERROR(VLOOKUP(H54,DV!$D:$E,2,FALSE),0) -> 0 | M54: =IFERROR(VLOOKUP(I54,DV!$D:$E,2,FALSE),0) -> 0 | N54: =COUNTIFS(Week,'Adherence (OP)'!N$3,Agent_ID,'Adherence (OP)'!$B54,TargeType,"Agent Level",Queue,$C$38,DEP,"Operation") -> 0 | O54: =COUNTIFS(Week,'Adherence (OP)'!O$3,Agent_ID,'Adherence (OP)'!$B54,TargeType,"Agent Level",Queue,$C$38,DEP,"Operation") -> 0 | P54: =COUNTIFS(Week,'Adherence (OP)'!P$3,Agent_ID,'Adherence (OP)'!$B54,TargeType,"Agent Level",Queue,$C$38,DEP,"Operation") -> 0 | Q54: =COUNTIFS(Week,'Adherence (OP)'!Q$3,Agent_ID,'Adherence (OP)'!$B54,TargeType,"Agent Level",Queue,$C$38,DEP,"Operation") -> 0 | R54: =SUM(N54:Q54)>=SUM(J54:M54) -> FALSE
B55: 32755 | C55: Hatem Shadi Farouk Ismai | D55: IB | E55: WFS | F55: New/(OP-QA) | G55: New/(OP-QA) | J55: =IFERROR(VLOOKUP(F55,DV!$D:$E,2,FALSE),0) -> 2 | K55: =IFERROR(VLOOKUP(G55,DV!$D:$E,2,FALSE),0) -> 2 | L55: =IFERROR(VLOOKUP(H55,DV!$D:$E,2,FALSE),0) -> 0 | M55: =IFERROR(VLOOKUP(I55,DV!$D:$E,2,FALSE),0) -> 0 | N55: =COUNTIFS(Week,'Adherence (OP)'!N$3,Agent_ID,'Adherence (OP)'!$B55,TargeType,"Agent Level",Queue,$C$38,DEP,"Operation") -> 0 | O55: =COUNTIFS(Week,'Adherence (OP)'!O$3,Agent_ID,'Adherence (OP)'!$B55,TargeType,"Agent Level",Queue,$C$38,DEP,"Operation") -> 0 | P55: =COUNTIFS(Week,'Adherence (OP)'!P$3,Agent_ID,'Adherence (OP)'!$B55,TargeType,"Agent Level",Queue,$C$38,DEP,"Operation") -> 0 | Q55: =COUNTIFS(Week,'Adherence (OP)'!Q$3,Agent_ID,'Adherence (OP)'!$B55,TargeType,"Agent Level",Queue,$C$38,DEP,"Operation") -> 0 | R55: =SUM(N55:Q55)>=SUM(J55:M55) -> FALSE
B56: 32767 | C56: Marwan walid reda Abdelai | D56: IB | E56: WFS | F56: New/(OP-QA) | G56: New/(OP-QA) | J56: =IFERROR(VLOOKUP(F56,DV!$D:$E,2,FALSE),0) -> 2 | K56: =IFERROR(VLOOKUP(G56,DV!$D:$E,2,FALSE),0) -> 2 | L56: =IFERROR(VLOOKUP(H56,DV!$D:$E,2,FALSE),0) -> 0 | M56: =IFERROR(VLOOKUP(I56,DV!$D:$E,2,FALSE),0) -> 0 | N56: =COUNTIFS(Week,'Adherence (OP)'!N$3,Agent_ID,'Adherence (OP)'!$B56,TargeType,"Agent Level",Queue,$C$38,DEP,"Operation") -> 0 | O56: =COUNTIFS(Week,'Adherence (OP)'!O$3,Agent_ID,'Adherence (OP)'!$B56,TargeType,"Agent Level",Queue,$C$38,DEP,"Operation") -> 0 | P56: =COUNTIFS(Week,'Adherence (OP)'!P$3,Agent_ID,'Adherence (OP)'!$B56,TargeType,"Agent Level",Queue,$C$38,DEP,"Operation") -> 0 | Q56: =COUNTIFS(Week,'Adherence (OP)'!Q$3,Agent_ID,'Adherence (OP)'!$B56,TargeType,"Agent Level",Queue,$C$38,DEP,"Operation") -> 0 | R56: =SUM(N56:Q56)>=SUM(J56:M56) -> FALSE
B57: 32756 | C57: Mona Mamdouh Mohamed Asho | D57: IB | E57: WFS | F57: New/(OP-QA) | G57: New/(OP-QA) | J57: =IFERROR(VLOOKUP(F57,DV!$D:$E,2,FALSE),0) -> 2 | K57: =IFERROR(VLOOKUP(G57,DV!$D:$E,2,FALSE),0) -> 2 | L57: =IFERROR(VLOOKUP(H57,DV!$D:$E,2,FALSE),0) -> 0 | M57: =IFERROR(VLOOKUP(I57,DV!$D:$E,2,FALSE),0) -> 0 | N57: =COUNTIFS(Week,'Adherence (OP)'!N$3,Agent_ID,'Adherence (OP)'!$B57,TargeType,"Agent Level",Queue,$C$38,DEP,"Operation") -> 0 | O57: =COUNTIFS(Week,'Adherence (OP)'!O$3,Agent_ID,'Adherence (OP)'!$B57,TargeType,"Agent Level",Queue,$C$38,DEP,"Operation") -> 0 | P57: =COUNTIFS(Week,'Adherence (OP)'!P$3,Agent_ID,'Adherence (OP)'!$B57,TargeType,"Agent Level",Queue,$C$38,DEP,"Operation") -> 0 | Q57: =COUNTIFS(Week,'Adherence (OP)'!Q$3,Agent_ID,'Adherence (OP)'!$B57,TargeType,"Agent Level",Queue,$C$38,DEP,"Operation") -> 0 | R57: =SUM(N57:Q57)>=SUM(J57:M57) -> FALSE
B58: 32762 | C58: Shahd Hossam Ali | D58: IB | E58: WFS | F58: New/(OP-QA) | G58: New/(OP-QA) | J58: =IFERROR(VLOOKUP(F58,DV!$D:$E,2,FALSE),0) -> 2 | K58: =IFERROR(VLOOKUP(G58,DV!$D:$E,2,FALSE),0) -> 2 | L58: =IFERROR(VLOOKUP(H58,DV!$D:$E,2,FALSE),0) -> 0 | M58: =IFERROR(VLOOKUP(I58,DV!$D:$E,2,FALSE),0) -> 0 | N58: =COUNTIFS(Week,'Adherence (OP)'!N$3,Agent_ID,'Adherence (OP)'!$B58,TargeType,"Agent Level",Queue,$C$38,DEP,"Operation") -> 0 | O58: =COUNTIFS(Week,'Adherence (OP)'!O$3,Agent_ID,'Adherence (OP)'!$B58,TargeType,"Agent Level",Queue,$C$38,DEP,"Operation") -> 0 | P58: =COUNTIFS(Week,'Adherence (OP)'!P$3,Agent_ID,'Adherence (OP)'!$B58,TargeType,"Agent Level",Queue,$C$38,DEP,"Operation") -> 0 | Q58: =COUNTIFS(Week,'Adherence (OP)'!Q$3,Agent_ID,'Adherence (OP)'!$B58,TargeType,"Agent Level",Queue,$C$38,DEP,"Operation") -> 0 | R58: =SUM(N58:Q58)>=SUM(J58:M58) -> FALSE
J59: =IFERROR(VLOOKUP(F59,DV!$D:$E,2,FALSE),0) -> 0 | K59: =IFERROR(VLOOKUP(G59,DV!$D:$E,2,FALSE),0) -> 0 | L59: =IFERROR(VLOOKUP(H59,DV!$D:$E,2,FALSE),0) -> 0 | M59: =IFERROR(VLOOKUP(I59,DV!$D:$E,2,FALSE),0) -> 0 | N59: =COUNTIFS(Week,'Adherence (OP)'!N$3,Agent_ID,'Adherence (OP)'!$B59,TargeType,"Agent Level",Queue,$C$38,DEP,"Operation") -> 0 | O59: =COUNTIFS(Week,'Adherence (OP)'!O$3,Agent_ID,'Adherence (OP)'!$B59,TargeType,"Agent Level",Queue,$C$38,DEP,"Operation") -> 0 | P59: =COUNTIFS(Week,'Adherence (OP)'!P$3,Agent_ID,'Adherence (OP)'!$B59,TargeType,"Agent Level",Queue,$C$38,DEP,"Operation") -> 0 | Q59: =COUNTIFS(Week,'Adherence (OP)'!Q$3,Agent_ID,'Adherence (OP)'!$B59,TargeType,"Agent Level",Queue,$C$38,DEP,"Operation") -> 0 | R59: =SUM(N59:Q59)>=SUM(J59:M59) -> TRUE
J60: =IFERROR(VLOOKUP(F60,DV!$D:$E,2,FALSE),0) -> 0 | K60: =IFERROR(VLOOKUP(G60,DV!$D:$E,2,FALSE),0) -> 0 | L60: =IFERROR(VLOOKUP(H60,DV!$D:$E,2,FALSE),0) -> 0 | M60: =IFERROR(VLOOKUP(I60,DV!$D:$E,2,FALSE),0) -> 0 | N60: =COUNTIFS(Week,'Adherence (OP)'!N$3,Agent_ID,'Adherence (OP)'!$B60,TargeType,"Agent Level",Queue,$C$38,DEP,"Operation") -> 0 | O60: =COUNTIFS(Week,'Adherence (OP)'!O$3,Agent_ID,'Adherence (OP)'!$B60,TargeType,"Agent Level",Queue,$C$38,DEP,"Operation") -> 0 | P60: =COUNTIFS(Week,'Adherence (OP)'!P$3,Agent_ID,'Adherence (OP)'!$B60,TargeType,"Agent Level",Queue,$C$38,DEP,"Operation") -> 0 | Q60: =COUNTIFS(Week,'Adherence (OP)'!Q$3,Agent_ID,'Adherence (OP)'!$B60,TargeType,"Agent Level",Queue,$C$38,DEP,"Operation") -> 0 | R60: =SUM(N60:Q60)>=SUM(J60:M60) -> TRUE
J61: =IFERROR(VLOOKUP(F61,DV!$D:$E,2,FALSE),0) -> 0 | K61: =IFERROR(VLOOKUP(G61,DV!$D:$E,2,FALSE),0) -> 0 | L61: =IFERROR(VLOOKUP(H61,DV!$D:$E,2,FALSE),0) -> 0 | M61: =IFERROR(VLOOKUP(I61,DV!$D:$E,2,FALSE),0) -> 0 | N61: =COUNTIFS(Week,'Adherence (OP)'!N$3,Agent_ID,'Adherence (OP)'!$B61,TargeType,"Agent Level",Queue,$C$38,DEP,"Operation") -> 0 | O61: =COUNTIFS(Week,'Adherence (OP)'!O$3,Agent_ID,'Adherence (OP)'!$B61,TargeType,"Agent Level",Queue,$C$38,DEP,"Operation") -> 0 | P61: =COUNTIFS(Week,'Adherence (OP)'!P$3,Agent_ID,'Adherence (OP)'!$B61,TargeType,"Agent Level",Queue,$C$38,DEP,"Operation") -> 0 | Q61: =COUNTIFS(Week,'Adherence (OP)'!Q$3,Agent_ID,'Adherence (OP)'!$B61,TargeType,"Agent Level",Queue,$C$38,DEP,"Operation") -> 0 | R61: =SUM(N61:Q61)>=SUM(J61:M61) -> TRUE
J62: =IFERROR(VLOOKUP(F62,DV!$D:$E,2,FALSE),0) -> 0 | K62: =IFERROR(VLOOKUP(G62,DV!$D:$E,2,FALSE),0) -> 0 | L62: =IFERROR(VLOOKUP(H62,DV!$D:$E,2,FALSE),0) -> 0 | M62: =IFERROR(VLOOKUP(I62,DV!$D:$E,2,FALSE),0) -> 0 | N62: =COUNTIFS(Week,'Adherence (OP)'!N$3,Agent_ID,'Adherence (OP)'!$B62,TargeType,"Agent Level",Queue,$C$38,DEP,"Operation") -> 0 | O62: =COUNTIFS(Week,'Adherence (OP)'!O$3,Agent_ID,'Adherence (OP)'!$B62,TargeType,"Agent Level",Queue,$C$38,DEP,"Operation") -> 0 | P62: =COUNTIFS(Week,'Adherence (OP)'!P$3,Agent_ID,'Adherence (OP)'!$B62,TargeType,"Agent Level",Queue,$C$38,DEP,"Operation") -> 0 | Q62: =COUNTIFS(Week,'Adherence (OP)'!Q$3,Agent_ID,'Adherence (OP)'!$B62,TargeType,"Agent Level",Queue,$C$38,DEP,"Operation") -> 0 | R62: =SUM(N62:Q62)>=SUM(J62:M62) -> TRUE
J63: =IFERROR(VLOOKUP(F63,DV!$D:$E,2,FALSE),0) -> 0 | K63: =IFERROR(VLOOKUP(G63,DV!$D:$E,2,FALSE),0) -> 0 | L63: =IFERROR(VLOOKUP(H63,DV!$D:$E,2,FALSE),0) -> 0 | M63: =IFERROR(VLOOKUP(I63,DV!$D:$E,2,FALSE),0) -> 0 | N63: =COUNTIFS(Week,'Adherence (OP)'!N$3,Agent_ID,'Adherence (OP)'!$B63,TargeType,"Agent Level",Queue,$C$38,DEP,"Operation") -> 0 | O63: =COUNTIFS(Week,'Adherence (OP)'!O$3,Agent_ID,'Adherence (OP)'!$B63,TargeType,"Agent Level",Queue,$C$38,DEP,"Operation") -> 0 | P63: =COUNTIFS(Week,'Adherence (OP)'!P$3,Agent_ID,'Adherence (OP)'!$B63,TargeType,"Agent Level",Queue,$C$38,DEP,"Operation") -> 0 | Q63: =COUNTIFS(Week,'Adherence (OP)'!Q$3,Agent_ID,'Adherence (OP)'!$B63,TargeType,"Agent Level",Queue,$C$38,DEP,"Operation") -> 0 | R63: =SUM(N63:Q63)>=SUM(J63:M63) -> TRUE
J64: =IFERROR(VLOOKUP(F64,DV!$D:$E,2,FALSE),0) -> 0 | K64: =IFERROR(VLOOKUP(G64,DV!$D:$E,2,FALSE),0) -> 0 | L64: =IFERROR(VLOOKUP(H64,DV!$D:$E,2,FALSE),0) -> 0 | M64: =IFERROR(VLOOKUP(I64,DV!$D:$E,2,FALSE),0) -> 0 | N64: =COUNTIFS(Week,'Adherence (OP)'!N$3,Agent_ID,'Adherence (OP)'!$B64,TargeType,"Agent Level",Queue,$C$38,DEP,"Operation") -> 0 | O64: =COUNTIFS(Week,'Adherence (OP)'!O$3,Agent_ID,'Adherence (OP)'!$B64,TargeType,"Agent Level",Queue,$C$38,DEP,"Operation") -> 0 | P64: =COUNTIFS(Week,'Adherence (OP)'!P$3,Agent_ID,'Adherence (OP)'!$B64,TargeType,"Agent Level",Queue,$C$38,DEP,"Operation") -> 0 | Q64: =COUNTIFS(Week,'Adherence (OP)'!Q$3,Agent_ID,'Adherence (OP)'!$B64,TargeType,"Agent Level",Queue,$C$38,DEP,"Operation") -> 0 | R64: =SUM(N64:Q64)>=SUM(J64:M64) -> TRUE
J65: =IFERROR(VLOOKUP(F65,DV!$D:$E,2,FALSE),0) -> 0 | K65: =IFERROR(VLOOKUP(G65,DV!$D:$E,2,FALSE),0) -> 0 | L65: =IFERROR(VLOOKUP(H65,DV!$D:$E,2,FALSE),0) -> 0 | M65: =IFERROR(VLOOKUP(I65,DV!$D:$E,2,FALSE),0) -> 0 | N65: =COUNTIFS(Week,'Adherence (OP)'!N$3,Agent_ID,'Adherence (OP)'!$B65,TargeType,"Agent Level",Queue,$C$38,DEP,"Operation") -> 0 | O65: =COUNTIFS(Week,'Adherence (OP)'!O$3,Agent_ID,'Adherence (OP)'!$B65,TargeType,"Agent Level",Queue,$C$38,DEP,"Operation") -> 0 | P65: =COUNTIFS(Week,'Adherence (OP)'!P$3,Agent_ID,'Adherence (OP)'!$B65,TargeType,"Agent Level",Queue,$C$38,DEP,"Operation") -> 0 | Q65: =COUNTIFS(Week,'Adherence (OP)'!Q$3,Agent_ID,'Adherence (OP)'!$B65,TargeType,"Agent Level",Queue,$C$38,DEP,"Operation") -> 0 | R65: =SUM(N65:Q65)>=SUM(J65:M65) -> TRUE
J66: =IFERROR(VLOOKUP(F66,DV!$D:$E,2,FALSE),0) -> 0 | K66: =IFERROR(VLOOKUP(G66,DV!$D:$E,2,FALSE),0) -> 0 | L66: =IFERROR(VLOOKUP(H66,DV!$D:$E,2,FALSE),0) -> 0 | M66: =IFERROR(VLOOKUP(I66,DV!$D:$E,2,FALSE),0) -> 0 | N66: =COUNTIFS(Week,'Adherence (OP)'!N$3,Agent_ID,'Adherence (OP)'!$B66,TargeType,"Agent Level",Queue,$C$38,DEP,"Operation") -> 0 | O66: =COUNTIFS(Week,'Adherence (OP)'!O$3,Agent_ID,'Adherence (OP)'!$B66,TargeType,"Agent Level",Queue,$C$38,DEP,"Operation") -> 0 | P66: =COUNTIFS(Week,'Adherence (OP)'!P$3,Agent_ID,'Adherence (OP)'!$B66,TargeType,"Agent Level",Queue,$C$38,DEP,"Operation") -> 0 | Q66: =COUNTIFS(Week,'Adherence (OP)'!Q$3,Agent_ID,'Adherence (OP)'!$B66,TargeType,"Agent Level",Queue,$C$38,DEP,"Operation") -> 0 | R66: =SUM(N66:Q66)>=SUM(J66:M66) -> TRUE
J67: =IFERROR(VLOOKUP(F67,DV!$D:$E,2,FALSE),0) -> 0 | K67: =IFERROR(VLOOKUP(G67,DV!$D:$E,2,FALSE),0) -> 0 | L67: =IFERROR(VLOOKUP(H67,DV!$D:$E,2,FALSE),0) -> 0 | M67: =IFERROR(VLOOKUP(I67,DV!$D:$E,2,FALSE),0) -> 0 | N67: =COUNTIFS(Week,'Adherence (OP)'!N$3,Agent_ID,'Adherence (OP)'!$B67,TargeType,"Agent Level",Queue,$C$38,DEP,"Operation") -> 0 | O67: =COUNTIFS(Week,'Adherence (OP)'!O$3,Agent_ID,'Adherence (OP)'!$B67,TargeType,"Agent Level",Queue,$C$38,DEP,"Operation") -> 0 | P67: =COUNTIFS(Week,'Adherence (OP)'!P$3,Agent_ID,'Adherence (OP)'!$B67,TargeType,"Agent Level",Queue,$C$38,DEP,"Operation") -> 0 | Q67: =COUNTIFS(Week,'Adherence (OP)'!Q$3,Agent_ID,'Adherence (OP)'!$B67,TargeType,"Agent Level",Queue,$C$38,DEP,"Operation") -> 0 | R67: =SUM(N67:Q67)>=SUM(J67:M67) -> TRUE
B68: Total | J68: =SUM(J40:J67) -> 28 | K68: =SUM(K40:K67) -> 28 | L68: =SUM(L40:L67) -> 13 | M68: =SUM(M40:M67) -> 13 | N68: =SUM(N40:N67) -> 0 | O68: =SUM(O40:O67) -> 0 | P68: =SUM(P40:P67) -> 0 | Q68: =SUM(Q40:Q67) -> 0
B71: QMS Que Name | C71: Tatweer Misr OB Survey | F71: Agent Status | J71: Target | N71: Adherence
B72: Login ID | C72: Name | D72: Skill | E72: WFH/WFS | F72: W1 | G72: W2 | H72: W3 | I72: W4 | J72: W1 | K72: W2 | L72: W3 | M72: W4 | N72: W1 | O72: W2 | P72: W3 | Q72: W4 | R72: Total Adherence
B73: 32462 | C73: Shahd Ashraf Muhamed Saber | D73: IB | E73: WFS | F73: No Calls Handled | J73: =IFERROR(VLOOKUP(F73,DV!$D:$E,2,FALSE),0) -> 0 | K73: =IFERROR(VLOOKUP(G73,DV!$D:$E,2,FALSE),0) -> 0 | L73: =IFERROR(VLOOKUP(H73,DV!$D:$E,2,FALSE),0) -> 0 | M73: =IFERROR(VLOOKUP(I73,DV!$D:$E,2,FALSE),0) -> 0 | N73: =COUNTIFS(Week,'Adherence (OP)'!N$3,Agent_ID,'Adherence (OP)'!$B73,TargeType,"Agent Level",Queue,$C$71,DEP,"Operation") -> 0 | O73: =COUNTIFS(Week,'Adherence (OP)'!O$3,Agent_ID,'Adherence (OP)'!$B73,TargeType,"Agent Level",Queue,$C$71,DEP,"Operation") -> 0 | P73: =COUNTIFS(Week,'Adherence (OP)'!P$3,Agent_ID,'Adherence (OP)'!$B73,TargeType,"Agent Level",Queue,$C$71,DEP,"Operation") -> 0 | Q73: =COUNTIFS(Week,'Adherence (OP)'!Q$3,Agent_ID,'Adherence (OP)'!$B73,TargeType,"Agent Level",Queue,$C$71,DEP,"Operation") -> 0 | R73: =SUM(N73:Q73)>=SUM(J73:M73) -> TRUE
B74: 33270 | C74: Yasmeen Mohammed Marhros | D74: IB | E74: WFS | F74: No Calls Handled | J74: =IFERROR(VLOOKUP(F74,DV!$D:$E,2,FALSE),0) -> 0 | K74: =IFERROR(VLOOKUP(G74,DV!$D:$E,2,FALSE),0) -> 0 | L74: =IFERROR(VLOOKUP(H74,DV!$D:$E,2,FALSE),0) -> 0 | M74: =IFERROR(VLOOKUP(I74,DV!$D:$E,2,FALSE),0) -> 0 | N74: =COUNTIFS(Week,'Adherence (OP)'!N$3,Agent_ID,'Adherence (OP)'!$B74,TargeType,"Agent Level",Queue,$C$71,DEP,"Operation") -> 0 | O74: =COUNTIFS(Week,'Adherence (OP)'!O$3,Agent_ID,'Adherence (OP)'!$B74,TargeType,"Agent Level",Queue,$C$71,DEP,"Operation") -> 0 | P74: =COUNTIFS(Week,'Adherence (OP)'!P$3,Agent_ID,'Adherence (OP)'!$B74,TargeType,"Agent Level",Queue,$C$71,DEP,"Operation") -> 0 | Q74: =COUNTIFS(Week,'Adherence (OP)'!Q$3,Agent_ID,'Adherence (OP)'!$B74,TargeType,"Agent Level",Queue,$C$71,DEP,"Operation") -> 0 | R74: =SUM(N74:Q74)>=SUM(J74:M74) -> TRUE
B75: 31924 | C75: Nayera Mohamed Mostafa Amaar | D75: IB | E75: WFS | F75: No Calls Handled | J75: =IFERROR(VLOOKUP(F75,DV!$D:$E,2,FALSE),0) -> 0 | K75: =IFERROR(VLOOKUP(G75,DV!$D:$E,2,FALSE),0) -> 0 | L75: =IFERROR(VLOOKUP(H75,DV!$D:$E,2,FALSE),0) -> 0 | M75: =IFERROR(VLOOKUP(I75,DV!$D:$E,2,FALSE),0) -> 0 | N75: =COUNTIFS(Week,'Adherence (OP)'!N$3,Agent_ID,'Adherence (OP)'!$B75,TargeType,"Agent Level",Queue,$C$71,DEP,"Operation") -> 0 | O75: =COUNTIFS(Week,'Adherence (OP)'!O$3,Agent_ID,'Adherence (OP)'!$B75,TargeType,"Agent Level",Queue,$C$71,DEP,"Operation") -> 0 | P75: =COUNTIFS(Week,'Adherence (OP)'!P$3,Agent_ID,'Adherence (OP)'!$B75,TargeType,"Agent Level",Queue,$C$71,DEP,"Operation") -> 0 | Q75: =COUNTIFS(Week,'Adherence (OP)'!Q$3,Agent_ID,'Adherence (OP)'!$B75,TargeType,"Agent Level",Queue,$C$71,DEP,"Operation") -> 0 | R75: =SUM(N75:Q75)>=SUM(J75:M75) -> TRUE
J76: =IFERROR(VLOOKUP(F76,DV!$D:$E,2,FALSE),0) -> 0 | K76: =IFERROR(VLOOKUP(G76,DV!$D:$E,2,FALSE),0) -> 0 | L76: =IFERROR(VLOOKUP(H76,DV!$D:$E,2,FALSE),0) -> 0 | M76: =IFERROR(VLOOKUP(I76,DV!$D:$E,2,FALSE),0) -> 0 | N76: =COUNTIFS(Week,'Adherence (OP)'!N$3,Agent_ID,'Adherence (OP)'!$B76,TargeType,"Agent Level",Queue,$C$71,DEP,"Operation") -> 0 | O76: =COUNTIFS(Week,'Adherence (OP)'!O$3,Agent_ID,'Adherence (OP)'!$B76,TargeType,"Agent Level",Queue,$C$71,DEP,"Operation") -> 0 | P76: =COUNTIFS(Week,'Adherence (OP)'!P$3,Agent_ID,'Adherence (OP)'!$B76,TargeType,"Agent Level",Queue,$C$71,DEP,"Operation") -> 0 | Q76: =COUNTIFS(Week,'Adherence (OP)'!Q$3,Agent_ID,'Adherence (OP)'!$B76,TargeType,"Agent Level",Queue,$C$71,DEP,"Operation") -> 0 | R76: =SUM(N76:Q76)>=SUM(J76:M76) -> TRUE
J77: =IFERROR(VLOOKUP(F77,DV!$D:$E,2,FALSE),0) -> 0 | K77: =IFERROR(VLOOKUP(G77,DV!$D:$E,2,FALSE),0) -> 0 | L77: =IFERROR(VLOOKUP(H77,DV!$D:$E,2,FALSE),0) -> 0 | M77: =IFERROR(VLOOKUP(I77,DV!$D:$E,2,FALSE),0) -> 0 | N77: =COUNTIFS(Week,'Adherence (OP)'!N$3,Agent_ID,'Adherence (OP)'!$B77,TargeType,"Agent Level",Queue,$C$71,DEP,"Operation") -> 0 | O77: =COUNTIFS(Week,'Adherence (OP)'!O$3,Agent_ID,'Adherence (OP)'!$B77,TargeType,"Agent Level",Queue,$C$71,DEP,"Operation") -> 0 | P77: =COUNTIFS(Week,'Adherence (OP)'!P$3,Agent_ID,'Adherence (OP)'!$B77,TargeType,"Agent Level",Queue,$C$71,DEP,"Operation") -> 0 | Q77: =COUNTIFS(Week,'Adherence (OP)'!Q$3,Agent_ID,'Adherence (OP)'!$B77,TargeType,"Agent Level",Queue,$C$71,DEP,"Operation") -> 0 | R77: =SUM(N77:Q77)>=SUM(J77:M77) -> TRUE
B78: Total | J78: =SUM(J73:J77) -> 0 | K78: =SUM(K73:K77) -> 0 | L78: =SUM(L73:L77) -> 0 | M78: =SUM(M73:M77) -> 0 | N78: =SUM(N73:N77) -> 0 | O78: =SUM(O73:O77) -> 0 | P78: =SUM(P73:P77) -> 0 | Q78: =SUM(Q73:Q77) -> 0

Sheet Adherence (QA)
T1: Tatweer Misr QA Adherence | V1: W1 | W1: W2 | X1: W3 | Y1: W4 | Z1: Total
B2: QMS Que Name | C2: Tatweer Misr | D2: Tatweer Misr | E2: Tatweer Misr | F2: Agent Status | J2: Target | N2: Adherence | T2: Target | V2: =J41 -> 25 | W2: =K41 -> 25 | X2: =L41 -> 0 | Y2: =M41 -> 0 | Z2: =SUM(V2:Y2) -> 50
B3: Login ID | C3: Name | D3: Skill | E3: WFH/WFS | F3: W1 | G3: W2 | H3: W3 | I3: W4 | J3: W1 | K3: W2 | L3: W3 | M3: W4 | N3: W1 | O3: W2 | P3: W3 | Q3: W4 | R3: Total Adherence | T3: Adherence | V3: =N41 -> 0 | W3: =O41 -> 9 | X3: =P41 -> 1 | Y3: =Q41 -> 0 | Z3: =SUM(V3:Y3) -> 10
B4: 33277 | C4: Kareem Magdy | D4: IB | E4: WFS | F4: Old | G4: Old | J4: =IFERROR(VLOOKUP(F4,DV!$D:$E,2,FALSE),0) -> 1 | K4: =IFERROR(VLOOKUP(G4,DV!$D:$E,2,FALSE),0) -> 1 | L4: =IFERROR(VLOOKUP(H4,DV!$D:$E,2,FALSE),0) -> 0 | M4: =IFERROR(VLOOKUP(I4,DV!$D:$E,2,FALSE),0) -> 0 | N4: =COUNTIFS(Week,'Adherence (QA)'!N$3,Agent_ID,'Adherence (QA)'!$B4,TargeType,"Agent Level",Queue,$C$2,DEP,"Quality") -> 0 | O4: =COUNTIFS(Week,'Adherence (QA)'!O$3,Agent_ID,'Adherence (QA)'!$B4,TargeType,"Agent Level",Queue,$C$2,DEP,"Quality") -> 1 | P4: =COUNTIFS(Week,'Adherence (QA)'!P$3,Agent_ID,'Adherence (QA)'!$B4,TargeType,"Agent Level",Queue,$C$2,DEP,"Quality") -> 0 | Q4: =COUNTIFS(Week,'Adherence (QA)'!Q$3,Agent_ID,'Adherence (QA)'!$B4,TargeType,"Agent Level",Queue,$C$2,DEP,"Quality") -> 0 | R4: =SUM(N4:Q4)>=SUM(J4:M4) -> FALSE | S4: =IFERROR(SUM(N4:Q4)/SUM(J4:M4),"") -> 0.5 | T4: ACH | V4: =IF(V2<>0,V3/V2,"") -> 0 | W4: =IF(W2<>0,W3/W2,"") -> 0.36 | X4: =IF(X2<>0,X3/X2,"") | Y4: =IF(Y2<>0,Y3/Y2,"") | Z4: =IF(Z2<>0,Z3/Z2,"") -> 0.2
B5: 32764 | C5: Aya Tullah Abdelkha | D5: IB | E5: WFS | F5: Old | G5: Old | J5: =IFERROR(VLOOKUP(F5,DV!$D:$E,2,FALSE),0) -> 1 | K5: =IFERROR(VLOOKUP(G5,DV!$D:$E,2,FALSE),0) -> 1 | L5: =IFERROR(VLOOKUP(H5,DV!$D:$E,2,FALSE),0) -> 0 | M5: =IFERROR(VLOOKUP(I5,DV!$D:$E,2,FALSE),0) -> 0 | N5: =COUNTIFS(Week,'Adherence (QA)'!N$3,Agent_ID,'Adherence (QA)'!$B5,TargeType,"Agent Level",Queue,$C$2,DEP,"Quality") -> 0 | O5: =COUNTIFS(Week,'Adherence (QA)'!O$3,Agent_ID,'Adherence (QA)'!$B5,TargeType,"Agent Level",Queue,$C$2,DEP,"Quality") -> 0 | P5: =COUNTIFS(Week,'Adherence (QA)'!P$3,Agent_ID,'Adherence (QA)'!$B5,TargeType,"Agent Level",Queue,$C$2,DEP,"Quality") -> 0 | Q5: =COUNTIFS(Week,'Adherence (QA)'!Q$3,Agent_ID,'Adherence (QA)'!$B5,TargeType,"Agent Level",Queue,$C$2,DEP,"Quality") -> 0 | R5: =SUM(N5:Q5)>=SUM(J5:M5) -> FALSE | S5: =IFERROR(SUM(N5:Q5)/SUM(J5:M5),"") -> 0
B6: 32462 | C6: Shahd Ashraf Muhamed Saber | D6: IB | E6: WFS | F6: Old | G6: Old | J6: =IFERROR(VLOOKUP(F6,DV!$D:$E,2,FALSE),0) -> 1 | K6: =IFERROR(VLOOKUP(G6,DV!$D:$E,2,FALSE),0) -> 1 | L6: =IFERROR(VLOOKUP(H6,DV!$D:$E,2,FALSE),0) -> 0 | M6: =IFERROR(VLOOKUP(I6,DV!$D:$E,2,FALSE),0) -> 0 | N6: =COUNTIFS(Week,'Adherence (QA)'!N$3,Agent_ID,'Adherence (QA)'!$B6,TargeType,"Agent Level",Queue,$C$2,DEP,"Quality") -> 0 | O6: =COUNTIFS(Week,'Adherence (QA)'!O$3,Agent_ID,'Adherence (QA)'!$B6,TargeType,"Agent Level",Queue,$C$2,DEP,"Quality") -> 1 | P6: =COUNTIFS(Week,'Adherence (QA)'!P$3,Agent_ID,'Adherence (QA)'!$B6,TargeType,"Agent Level",Queue,$C$2,DEP,"Quality") -> 0 | Q6: =COUNTIFS(Week,'Adherence (QA)'!Q$3,Agent_ID,'Adherence (QA)'!$B6,TargeType,"Agent Level",Queue,$C$2,DEP,"Quality") -> 0 | R6: =SUM(N6:Q6)>=SUM(J6:M6) -> FALSE | S6: =IFERROR(SUM(#REF!)/SUM(#REF!),"")
A7: z | B7: 33270 | C7: Yasmeen Mohammed Marhros | D7: IB | E7: WFS | F7: Old | G7: Old | J7: =IFERROR(VLOOKUP(F7,DV!$D:$E,2,FALSE),0) -> 1 | K7: =IFERROR(VLOOKUP(G7,DV!$D:$E,2,FALSE),0) -> 1 | L7: =IFERROR(VLOOKUP(H7,DV!$D:$E,2,FALSE),0) -> 0 | M7: =IFERROR(VLOOKUP(I7,DV!$D:$E,2,FALSE),0) -> 0 | N7: =COUNTIFS(Week,'Adherence (QA)'!N$3,Agent_ID,'Adherence (QA)'!$B7,TargeType,"Agent Level",Queue,$C$2,DEP,"Quality") -> 0 | O7: =COUNTIFS(Week,'Adherence (QA)'!O$3,Agent_ID,'Adherence (QA)'!$B7,TargeType,"Agent Level",Queue,$C$2,DEP,"Quality") -> 1 | P7: =COUNTIFS(Week,'Adherence (QA)'!P$3,Agent_ID,'Adherence (QA)'!$B7,TargeType,"Agent Level",Queue,$C$2,DEP,"Quality") -> 0 | Q7: =COUNTIFS(Week,'Adherence (QA)'!Q$3,Agent_ID,'Adherence (QA)'!$B7,TargeType,"Agent Level",Queue,$C$2,DEP,"Quality") -> 0 | R7: =SUM(N7:Q7)>=SUM(J7:M7) -> FALSE | S7: =IFERROR(SUM(N6:Q6)/SUM(J6:M6),"") -> 0.5
B8: 33271 | C8: Mina Mahrous Samuel Salib | D8: IB | E8: WFS | F8: Old | G8: Old | J8: =IFERROR(VLOOKUP(F8,DV!$D:$E,2,FALSE),0) -> 1 | K8: =IFERROR(VLOOKUP(G8,DV!$D:$E,2,FALSE),0) -> 1 | L8: =IFERROR(VLOOKUP(H8,DV!$D:$E,2,FALSE),0) -> 0 | M8: =IFERROR(VLOOKUP(I8,DV!$D:$E,2,FALSE),0) -> 0 | N8: =COUNTIFS(Week,'Adherence (QA)'!N$3,Agent_ID,'Adherence (QA)'!$B8,TargeType,"Agent Level",Queue,$C$2,DEP,"Quality") -> 0 | O8: =COUNTIFS(Week,'Adherence (QA)'!O$3,Agent_ID,'Adherence (QA)'!$B8,TargeType,"Agent Level",Queue,$C$2,DEP,"Quality") -> 2 | P8: =COUNTIFS(Week,'Adherence (QA)'!P$3,Agent_ID,'Adherence (QA)'!$B8,TargeType,"Agent Level",Queue,$C$2,DEP,"Quality") -> 0 | Q8: =COUNTIFS(Week,'Adherence (QA)'!Q$3,Agent_ID,'Adherence (QA)'!$B8,TargeType,"Agent Level",Queue,$C$2,DEP,"Quality") -> 0 | R8: =SUM(N8:Q8)>=SUM(J8:M8) -> TRUE | S8: =IFERROR(SUM(N7:Q7)/SUM(J7:M7),"") -> 0.5
B9: 32760 | C9: Hussien Ahmed Mohamed Salah El Deen | D9: IB | E9: WFS | F9: Old | G9: Old | J9: =IFERROR(VLOOKUP(F9,DV!$D:$E,2,FALSE),0) -> 1 | K9: =IFERROR(VLOOKUP(G9,DV!$D:$E,2,FALSE),0) -> 1 | L9: =IFERROR(VLOOKUP(H9,DV!$D:$E,2,FALSE),0) -> 0 | M9: =IFERROR(VLOOKUP(I9,DV!$D:$E,2,FALSE),0) -> 0 | N9: =COUNTIFS(Week,'Adherence (QA)'!N$3,Agent_ID,'Adherence (QA)'!$B9,TargeType,"Agent Level",Queue,$C$2,DEP,"Quality") -> 0 | O9: =COUNTIFS(Week,'Adherence (QA)'!O$3,Agent_ID,'Adherence (QA)'!$B9,TargeType,"Agent Level",Queue,$C$2,DEP,"Quality") -> 0 | P9: =COUNTIFS(Week,'Adherence (QA)'!P$3,Agent_ID,'Adherence (QA)'!$B9,TargeType,"Agent Level",Queue,$C$2,DEP,"Quality") -> 0 | Q9: =COUNTIFS(Week,'Adherence (QA)'!Q$3,Agent_ID,'Adherence (QA)'!$B9,TargeType,"Agent Level",Queue,$C$2,DEP,"Quality") -> 0 | R9: =SUM(N9:Q9)>=SUM(J9:M9) -> FALSE | S9: =IFERROR(SUM(N8:Q8)/SUM(J8:M8),"") -> 1
B10: 31924 | C10: Nayera Mohamed Mostafa Amaar | D10: IB | E10: WFS | F10: Old | G10: Old | J10: =IFERROR(VLOOKUP(F10,DV!$D:$E,2,FALSE),0) -> 1 | K10: =IFERROR(VLOOKUP(G10,DV!$D:$E,2,FALSE),0) -> 1 | L10: =IFERROR(VLOOKUP(H10,DV!$D:$E,2,FALSE),0) -> 0 | M10: =IFERROR(VLOOKUP(I10,DV!$D:$E,2,FALSE),0) -> 0 | N10: =COUNTIFS(Week,'Adherence (QA)'!N$3,Agent_ID,'Adherence (QA)'!$B10,TargeType,"Agent Level",Queue,$C$2,DEP,"Quality") -> 0 | O10: =COUNTIFS(Week,'Adherence (QA)'!O$3,Agent_ID,'Adherence (QA)'!$B10,TargeType,"Agent Level",Queue,$C$2,DEP,"Quality") -> 1 | P10: =COUNTIFS(Week,'Adherence (QA)'!P$3,Agent_ID,'Adherence (QA)'!$B10,TargeType,"Agent Level",Queue,$C$2,DEP,"Quality") -> 0 | Q10: =COUNTIFS(Week,'Adherence (QA)'!Q$3,Agent_ID,'Adherence (QA)'!$B10,TargeType,"Agent Level",Queue,$C$2,DEP,"Quality") -> 0 | R10: =SUM(N10:Q10)>=SUM(J10:M10) -> FALSE | S10: =IFERROR(SUM(N9:Q9)/SUM(J9:M9),"") -> 0
B11: 33279 | C11: Clair Maher Nageh | D11: IB | E11: WFS | F11: Old | G11: Old | J11: =IFERROR(VLOOKUP(F11,DV!$D:$E,2,FALSE),0) -> 1 | K11: =IFERROR(VLOOKUP(G11,DV!$D:$E,2,FALSE),0) -> 1 | L11: =IFERROR(VLOOKUP(H11,DV!$D:$E,2,FALSE),0) -> 0 | M11: =IFERROR(VLOOKUP(I11,DV!$D:$E,2,FALSE),0) -> 0 | N11: =COUNTIFS(Week,'Adherence (QA)'!N$3,Agent_ID,'Adherence (QA)'!$B11,TargeType,"Agent Level",Queue,$C$2,DEP,"Quality") -> 0 | O11: =COUNTIFS(Week,'Adherence (QA)'!O$3,Agent_ID,'Adherence (QA)'!$B11,TargeType,"Agent Level",Queue,$C$2,DEP,"Quality") -> 0 | P11: =COUNTIFS(Week,'Adherence (QA)'!P$3,Agent_ID,'Adherence (QA)'!$B11,TargeType,"Agent Level",Queue,$C$2,DEP,"Quality") -> 0 | Q11: =COUNTIFS(Week,'Adherence (QA)'!Q$3,Agent_ID,'Adherence (QA)'!$B11,TargeType,"Agent Level",Queue,$C$2,DEP,"Quality") -> 0 | R11: =SUM(N11:Q11)>=SUM(J11:M11) -> FALSE | S11: =IFERROR(SUM(N10:Q10)/SUM(J10:M10),"") -> 0.5
B12: 39025 | C12: Abdelrahman Sayed M | D12: IB | E12: WFS | F12: Old | G12: Old | J12: =IFERROR(VLOOKUP(F12,DV!$D:$E,2,FALSE),0) -> 1 | K12: =IFERROR(VLOOKUP(G12,DV!$D:$E,2,FALSE),0) -> 1 | L12: =IFERROR(VLOOKUP(H12,DV!$D:$E,2,FALSE),0) -> 0 | M12: =IFERROR(VLOOKUP(I12,DV!$D:$E,2,FALSE),0) -> 0 | N12: =COUNTIFS(Week,'Adherence (QA)'!N$3,Agent_ID,'Adherence (QA)'!$B12,TargeType,"Agent Level",Queue,$C$2,DEP,"Quality") -> 0 | O12: =COUNTIFS(Week,'Adherence (QA)'!O$3,Agent_ID,'Adherence (QA)'!$B12,TargeType,"Agent Level",Queue,$C$2,DEP,"Quality") -> 0 | P12: =COUNTIFS(Week,'Adherence (QA)'!P$3,Agent_ID,'Adherence (QA)'!$B12,TargeType,"Agent Level",Queue,$C$2,DEP,"Quality") -> 0 | Q12: =COUNTIFS(Week,'Adherence (QA)'!Q$3,Agent_ID,'Adherence (QA)'!$B12,TargeType,"Agent Level",Queue,$C$2,DEP,"Quality") -> 0 | R12: =SUM(N12:Q12)>=SUM(J12:M12) -> FALSE | S12: =IFERROR(SUM(N11:Q11)/SUM(J11:M11),"") -> 0 | T12: Proper T QA Adherence | V12: W1 | W12: W2 | X12: W3 | Y12: W4 | Z12: Total
B13: 39024 | C13: Rawan Hussien Mostafa Mohamed | D13: IB | E13: WFS | F13: Old | G13: Old | J13: =IFERROR(VLOOKUP(F13,DV!$D:$E,2,FALSE),0) -> 1 | K13: =IFERROR(VLOOKUP(G13,DV!$D:$E,2,FALSE),0) -> 1 | L13: =IFERROR(VLOOKUP(H13,DV!$D:$E,2,FALSE),0) -> 0 | M13: =IFERROR(VLOOKUP(I13,DV!$D:$E,2,FALSE),0) -> 0 | N13: =COUNTIFS(Week,'Adherence (QA)'!N$3,Agent_ID,'Adherence (QA)'!$B13,TargeType,"Agent Level",Queue,$C$2,DEP,"Quality") -> 0 | O13: =COUNTIFS(Week,'Adherence (QA)'!O$3,Agent_ID,'Adherence (QA)'!$B13,TargeType,"Agent Level",Queue,$C$2,DEP,"Quality") -> 0 | P13: =COUNTIFS(Week,'Adherence (QA)'!P$3,Agent_ID,'Adherence (QA)'!$B13,TargeType,"Agent Level",Queue,$C$2,DEP,"Quality") -> 0 | Q13: =COUNTIFS(Week,'Adherence (QA)'!Q$3,Agent_ID,'Adherence (QA)'!$B13,TargeType,"Agent Level",Queue,$C$2,DEP,"Quality") -> 0 | R13: =SUM(N13:Q13)>=SUM(J13:M13) -> FALSE | S13: =IFERROR(SUM(N15:Q15)/SUM(J15:M15),"") -> 0 | T13: Target | V13: =J93 -> 25 | W13: =K93 -> 25 | X13: =L93 -> 0 | Y13: =M93 -> 0 | Z13: =SUM(V13:Y13) -> 50
B14: 32961 | C14: Nada Nashaat Mohamed | D14: IB | E14: WFS | F14: Old | G14: Old | J14: =IFERROR(VLOOKUP(F14,DV!$D:$E,2,FALSE),0) -> 1 | K14: =IFERROR(VLOOKUP(G14,DV!$D:$E,2,FALSE),0) -> 1 | L14: =IFERROR(VLOOKUP(H14,DV!$D:$E,2,FALSE),0) -> 0 | M14: =IFERROR(VLOOKUP(I14,DV!$D:$E,2,FALSE),0) -> 0 | N14: =COUNTIFS(Week,'Adherence (QA)'!N$3,Agent_ID,'Adherence (QA)'!$B14,TargeType,"Agent Level",Queue,$C$2,DEP,"Quality") -> 0 | O14: =COUNTIFS(Week,'Adherence (QA)'!O$3,Agent_ID,'Adherence (QA)'!$B14,TargeType,"Agent Level",Queue,$C$2,DEP,"Quality") -> 0 | P14: =COUNTIFS(Week,'Adherence (QA)'!P$3,Agent_ID,'Adherence (QA)'!$B14,TargeType,"Agent Level",Queue,$C$2,DEP,"Quality") -> 0 | Q14: =COUNTIFS(Week,'Adherence (QA)'!Q$3,Agent_ID,'Adherence (QA)'!$B14,TargeType,"Agent Level",Queue,$C$2,DEP,"Quality") -> 0 | R14: =SUM(N14:Q14)>=SUM(J14:M14) -> FALSE | S14: =IFERROR(SUM(N16:Q16)/SUM(J16:M16),"") -> 0.5 | T14: Adherence | V14: =N93 -> 0 | W14: =O93 -> 10 | X14: =P93 -> 2 | Y14: =Q93 -> 0 | Z14: =SUM(V14:Y14) -> 12
B15: 31401 | C15: Mazen Mohamed Fathi Khattab | D15: IB | E15: WFS | F15: Old | G15: Old | J15: =IFERROR(VLOOKUP(F15,DV!$D:$E,2,FALSE),0) -> 1 | K15: =IFERROR(VLOOKUP(G15,DV!$D:$E,2,FALSE),0) -> 1 | L15: =IFERROR(VLOOKUP(H15,DV!$D:$E,2,FALSE),0) -> 0 | M15: =IFERROR(VLOOKUP(I15,DV!$D:$E,2,FALSE),0) -> 0 | N15: =COUNTIFS(Week,'Adherence (QA)'!N$3,Agent_ID,'Adherence (QA)'!$B15,TargeType,"Agent Level",Queue,$C$2,DEP,"Quality") -> 0 | O15: =COUNTIFS(Week,'Adherence (QA)'!O$3,Agent_ID,'Adherence (QA)'!$B15,TargeType,"Agent Level",Queue,$C$2,DEP,"Quality") -> 0 | P15: =COUNTIFS(Week,'Adherence (QA)'!P$3,Agent_ID,'Adherence (QA)'!$B15,TargeType,"Agent Level",Queue,$C$2,DEP,"Quality") -> 0 | Q15: =COUNTIFS(Week,'Adherence (QA)'!Q$3,Agent_ID,'Adherence (QA)'!$B15,TargeType,"Agent Level",Queue,$C$2,DEP,"Quality") -> 0 | R15: =SUM(N15:Q15)>=SUM(J15:M15) -> FALSE | S15: =IFERROR(SUM(N15:Q15)/SUM(J15:M15),"") -> 0 | T15: ACH | V15: =IF(V13<>0,V14/V13,"") -> 0 | W15: =IF(W13<>0,W14/W13,"") -> 0.4 | X15: =IF(X13<>0,X14/X13,"") | Y15: =IF(Y13<>0,Y14/Y13,"") | Z15: =IF(Z13<>0,Z14/Z13,"") -> 0.24
B16: 32962 | C16: Salma mohamed aly | D16: IB | E16: WFS | F16: Old | G16: Old | J16: =IFERROR(VLOOKUP(F16,DV!$D:$E,2,FALSE),0) -> 1 | K16: =IFERROR(VLOOKUP(G16,DV!$D:$E,2,FALSE),0) -> 1 | L16: =IFERROR(VLOOKUP(H16,DV!$D:$E,2,FALSE),0) -> 0 | M16: =IFERROR(VLOOKUP(I16,DV!$D:$E,2,FALSE),0) -> 0 | N16: =COUNTIFS(Week,'Adherence (QA)'!N$3,Agent_ID,'Adherence (QA)'!$B16,TargeType,"Agent Level",Queue,$C$2,DEP,"Quality") -> 0 | O16: =COUNTIFS(Week,'Adherence (QA)'!O$3,Agent_ID,'Adherence (QA)'!$B16,TargeType,"Agent Level",Queue,$C$2,DEP,"Quality") -> 1 | P16: =COUNTIFS(Week,'Adherence (QA)'!P$3,Agent_ID,'Adherence (QA)'!$B16,TargeType,"Agent Level",Queue,$C$2,DEP,"Quality") -> 0 | Q16: =COUNTIFS(Week,'Adherence (QA)'!Q$3,Agent_ID,'Adherence (QA)'!$B16,TargeType,"Agent Level",Queue,$C$2,DEP,"Quality") -> 0 | R16: =SUM(N16:Q16)>=SUM(J16:M16) -> FALSE | S16: =IFERROR(SUM(N16:Q16)/SUM(J16:M16),"") -> 0.5
B17: 32754 | C17: Aya Ossama Sayed El Tourk | D17: IB | E17: WFS | F17: New | G17: New | J17: =IFERROR(VLOOKUP(F17,DV!$D:$E,2,FALSE),0) -> 2 | K17: =IFERROR(VLOOKUP(G17,DV!$D:$E,2,FALSE),0) -> 2 | L17: =IFERROR(VLOOKUP(H17,DV!$D:$E,2,FALSE),0) -> 0 | M17: =IFERROR(VLOOKUP(I17,DV!$D:$E,2,FALSE),0) -> 0 | N17: =COUNTIFS(Week,'Adherence (QA)'!N$3,Agent_ID,'Adherence (QA)'!$B17,TargeType,"Agent Level",Queue,$C$2,DEP,"Quality") -> 0 | O17: =COUNTIFS(Week,'Adherence (QA)'!O$3,Agent_ID,'Adherence (QA)'!$B17,TargeType,"Agent Level",Queue,$C$2,DEP,"Quality") -> 0 | P17: =COUNTIFS(Week,'Adherence (QA)'!P$3,Agent_ID,'Adherence (QA)'!$B17,TargeType,"Agent Level",Queue,$C$2,DEP,"Quality") -> 0 | Q17: =COUNTIFS(Week,'Adherence (QA)'!Q$3,Agent_ID,'Adherence (QA)'!$B17,TargeType,"Agent Level",Queue,$C$2,DEP,"Quality") -> 0 | R17: =SUM(N17:Q17)>=SUM(J17:M17) -> FALSE
B18: 32785 | C18: Yusuf Mustafa Ahmed Ahmed | D18: IB | E18: WFS | F18: New | G18: New | J18: =IFERROR(VLOOKUP(F18,DV!$D:$E,2,FALSE),0) -> 2 | K18: =IFERROR(VLOOKUP(G18,DV!$D:$E,2,FALSE),0) -> 2 | L18: =IFERROR(VLOOKUP(H18,DV!$D:$E,2,FALSE),0) -> 0 | M18: =IFERROR(VLOOKUP(I18,DV!$D:$E,2,FALSE),0) -> 0 | N18: =COUNTIFS(Week,'Adherence (QA)'!N$3,Agent_ID,'Adherence (QA)'!$B18,TargeType,"Agent Level",Queue,$C$2,DEP,"Quality") -> 0 | O18: =COUNTIFS(Week,'Adherence (QA)'!O$3,Agent_ID,'Adherence (QA)'!$B18,TargeType,"Agent Level",Queue,$C$2,DEP,"Quality") -> 0 | P18: =COUNTIFS(Week,'Adherence (QA)'!P$3,Agent_ID,'Adherence (QA)'!$B18,TargeType,"Agent Level",Queue,$C$2,DEP,"Quality") -> 0 | Q18: =COUNTIFS(Week,'Adherence (QA)'!Q$3,Agent_ID,'Adherence (QA)'!$B18,TargeType,"Agent Level",Queue,$C$2,DEP,"Quality") -> 0 | R18: =SUM(N18:Q18)>=SUM(J18:M18) -> FALSE
B19: 32755 | C19: Hatem Shadi Farouk Ismai | D19: IB | E19: WFS | F19: New | G19: New | J19: =IFERROR(VLOOKUP(F19,DV!$D:$E,2,FALSE),0) -> 2 | K19: =IFERROR(VLOOKUP(G19,DV!$D:$E,2,FALSE),0) -> 2 | L19: =IFERROR(VLOOKUP(H19,DV!$D:$E,2,FALSE),0) -> 0 | M19: =IFERROR(VLOOKUP(I19,DV!$D:$E,2,FALSE),0) -> 0 | N19: =COUNTIFS(Week,'Adherence (QA)'!N$3,Agent_ID,'Adherence (QA)'!$B19,TargeType,"Agent Level",Queue,$C$2,DEP,"Quality") -> 0 | O19: =COUNTIFS(Week,'Adherence (QA)'!O$3,Agent_ID,'Adherence (QA)'!$B19,TargeType,"Agent Level",Queue,$C$2,DEP,"Quality") -> 2 | P19: =COUNTIFS(Week,'Adherence (QA)'!P$3,Agent_ID,'Adherence (QA)'!$B19,TargeType,"Agent Level",Queue,$C$2,DEP,"Quality") -> 0 | Q19: =COUNTIFS(Week,'Adherence (QA)'!Q$3,Agent_ID,'Adherence (QA)'!$B19,TargeType,"Agent Level",Queue,$C$2,DEP,"Quality") -> 0 | R19: =SUM(N19:Q19)>=SUM(J19:M19) -> FALSE
B20: 32767 | C20: Marwan walid reda Abdelai | D20: IB | E20: WFS | F20: New | G20: New | J20: =IFERROR(VLOOKUP(F20,DV!$D:$E,2,FALSE),0) -> 2 | K20: =IFERROR(VLOOKUP(G20,DV!$D:$E,2,FALSE),0) -> 2 | L20: =IFERROR(VLOOKUP(H20,DV!$D:$E,2,FALSE),0) -> 0 | M20: =IFERROR(VLOOKUP(I20,DV!$D:$E,2,FALSE),0) -> 0 | N20: =COUNTIFS(Week,'Adherence (QA)'!N$3,Agent_ID,'Adherence (QA)'!$B20,TargeType,"Agent Level",Queue,$C$2,DEP,"Quality") -> 0 | O20: =COUNTIFS(Week,'Adherence (QA)'!O$3,Agent_ID,'Adherence (QA)'!$B20,TargeType,"Agent Level",Queue,$C$2,DEP,"Quality") -> 0 | P20: =COUNTIFS(Week,'Adherence (QA)'!P$3,Agent_ID,'Adherence (QA)'!$B20,TargeType,"Agent Level",Queue,$C$2,DEP,"Quality") -> 1 | Q20: =COUNTIFS(Week,'Adherence (QA)'!Q$3,Agent_ID,'Adherence (QA)'!$B20,TargeType,"Agent Level",Queue,$C$2,DEP,"Quality") -> 0 | R20: =SUM(N20:Q20)>=SUM(J20:M20) -> FALSE
B21: 32756 | C21: Mona Mamdouh Mohamed Asho | D21: IB | E21: WFS | F21: New | G21: New | J21: =IFERROR(VLOOKUP(F21,DV!$D:$E,2,FALSE),0) -> 2 | K21: =IFERROR(VLOOKUP(G21,DV!$D:$E,2,FALSE),0) -> 2 | L21: =IFERROR(VLOOKUP(H21,DV!$D:$E,2,FALSE),0) -> 0 | M21: =IFERROR(VLOOKUP(I21,DV!$D:$E,2,FALSE),0) -> 0 | N21: =COUNTIFS(Week,'Adherence (QA)'!N$3,Agent_ID,'Adherence (QA)'!$B21,TargeType,"Agent Level",Queue,$C$2,DEP,"Quality") -> 0 | O21: =COUNTIFS(Week,'Adherence (QA)'!O$3,Agent_ID,'Adherence (QA)'!$B21,TargeType,"Agent Level",Queue,$C$2,DEP,"Quality") -> 0 | P21: =COUNTIFS(Week,'Adherence (QA)'!P$3,Agent_ID,'Adherence (QA)'!$B21,TargeType,"Agent Level",Queue,$C$2,DEP,"Quality") -> 0 | Q21: =COUNTIFS(Week,'Adherence (QA)'!Q$3,Agent_ID,'Adherence (QA)'!$B21,TargeType,"Agent Level",Queue,$C$2,DEP,"Quality") -> 0 | R21: =SUM(N21:Q21)>=SUM(J21:M21) -> FALSE
B22: 32762 | C22: Shahd Hossam Ali | D22: IB | E22: WFS | F22: New | G22: New | J22: =IFERROR(VLOOKUP(F22,DV!$D:$E,2,FALSE),0) -> 2 | K22: =IFERROR(VLOOKUP(G22,DV!$D:$E,2,FALSE),0) -> 2 | L22: =IFERROR(VLOOKUP(H22,DV!$D:$E,2,FALSE),0) -> 0 | M22: =IFERROR(VLOOKUP(I22,DV!$D:$E,2,FALSE),0) -> 0 | N22: =COUNTIFS(Week,'Adherence (QA)'!N$3,Agent_ID,'Adherence (QA)'!$B22,TargeType,"Agent Level",Queue,$C$2,DEP,"Quality") -> 0 | O22: =COUNTIFS(Week,'Adherence (QA)'!O$3,Agent_ID,'Adherence (QA)'!$B22,TargeType,"Agent Level",Queue,$C$2,DEP,"Quality") -> 0 | P22: =COUNTIFS(Week,'Adherence (QA)'!P$3,Agent_ID,'Adherence (QA)'!$B22,TargeType,"Agent Level",Queue,$C$2,DEP,"Quality") -> 0 | Q22: =COUNTIFS(Week,'Adherence (QA)'!Q$3,Agent_ID,'Adherence (QA)'!$B22,TargeType,"Agent Level",Queue,$C$2,DEP,"Quality") -> 0 | R22: =SUM(N22:Q22)>=SUM(J22:M22) -> FALSE
J23: =IFERROR(VLOOKUP(F23,DV!$D:$E,2,FALSE),0) -> 0 | K23: =IFERROR(VLOOKUP(G23,DV!$D:$E,2,FALSE),0) -> 0 | L23: =IFERROR(VLOOKUP(H23,DV!$D:$E,2,FALSE),0) -> 0 | M23: =IFERROR(VLOOKUP(I23,DV!$D:$E,2,FALSE),0) -> 0 | N23: =COUNTIFS(Week,'Adherence (QA)'!N$3,Agent_ID,'Adherence (QA)'!$B23,TargeType,"Agent Level",Queue,$C$2,DEP,"Quality") -> 0 | O23: =COUNTIFS(Week,'Adherence (QA)'!O$3,Agent_ID,'Adherence (QA)'!$B23,TargeType,"Agent Level",Queue,$C$2,DEP,"Quality") -> 0 | P23: =COUNTIFS(Week,'Adherence (QA)'!P$3,Agent_ID,'Adherence (QA)'!$B23,TargeType,"Agent Level",Queue,$C$2,DEP,"Quality") -> 0 | Q23: =COUNTIFS(Week,'Adherence (QA)'!Q$3,Agent_ID,'Adherence (QA)'!$B23,TargeType,"Agent Level",Queue,$C$2,DEP,"Quality") -> 0 | R23: =SUM(N23:Q23)>=SUM(J23:M23) -> TRUE
J24: =IFERROR(VLOOKUP(F24,DV!$D:$E,2,FALSE),0) -> 0 | K24: =IFERROR(VLOOKUP(G24,DV!$D:$E,2,FALSE),0) -> 0 | L24: =IFERROR(VLOOKUP(H24,DV!$D:$E,2,FALSE),0) -> 0 | M24: =IFERROR(VLOOKUP(I24,DV!$D:$E,2,FALSE),0) -> 0 | N24: =COUNTIFS(Week,'Adherence (QA)'!N$3,Agent_ID,'Adherence (QA)'!$B24,TargeType,"Agent Level",Queue,$C$2,DEP,"Quality") -> 0 | O24: =COUNTIFS(Week,'Adherence (QA)'!O$3,Agent_ID,'Adherence (QA)'!$B24,TargeType,"Agent Level",Queue,$C$2,DEP,"Quality") -> 0 | P24: =COUNTIFS(Week,'Adherence (QA)'!P$3,Agent_ID,'Adherence (QA)'!$B24,TargeType,"Agent Level",Queue,$C$2,DEP,"Quality") -> 0 | Q24: =COUNTIFS(Week,'Adherence (QA)'!Q$3,Agent_ID,'Adherence (QA)'!$B24,TargeType,"Agent Level",Queue,$C$2,DEP,"Quality") -> 0 | R24: =SUM(N24:Q24)>=SUM(J24:M24) -> TRUE
J25: =IFERROR(VLOOKUP(F25,DV!$D:$E,2,FALSE),0) -> 0 | K25: =IFERROR(VLOOKUP(G25,DV!$D:$E,2,FALSE),0) -> 0 | L25: =IFERROR(VLOOKUP(H25,DV!$D:$E,2,FALSE),0) -> 0 | M25: =IFERROR(VLOOKUP(I25,DV!$D:$E,2,FALSE),0) -> 0 | N25: =COUNTIFS(Week,'Adherence (QA)'!N$3,Agent_ID,'Adherence (QA)'!$B25,TargeType,"Agent Level",Queue,$C$2,DEP,"Quality") -> 0 | O25: =COUNTIFS(Week,'Adherence (QA)'!O$3,Agent_ID,'Adherence (QA)'!$B25,TargeType,"Agent Level",Queue,$C$2,DEP,"Quality") -> 0 | P25: =COUNTIFS(Week,'Adherence (QA)'!P$3,Agent_ID,'Adherence (QA)'!$B25,TargeType,"Agent Level",Queue,$C$2,DEP,"Quality") -> 0 | Q25: =COUNTIFS(Week,'Adherence (QA)'!Q$3,Agent_ID,'Adherence (QA)'!$B25,TargeType,"Agent Level",Queue,$C$2,DEP,"Quality") -> 0 | R25: =SUM(N25:Q25)>=SUM(J25:M25) -> TRUE
J26: =IFERROR(VLOOKUP(F26,DV!$D:$E,2,FALSE),0) -> 0 | K26: =IFERROR(VLOOKUP(G26,DV!$D:$E,2,FALSE),0) -> 0 | L26: =IFERROR(VLOOKUP(H26,DV!$D:$E,2,FALSE),0) -> 0 | M26: =IFERROR(VLOOKUP(I26,DV!$D:$E,2,FALSE),0) -> 0 | N26: =COUNTIFS(Week,'Adherence (QA)'!N$3,Agent_ID,'Adherence (QA)'!$B26,TargeType,"Agent Level",Queue,$C$2,DEP,"Quality") -> 0 | O26: =COUNTIFS(Week,'Adherence (QA)'!O$3,Agent_ID,'Adherence (QA)'!$B26,TargeType,"Agent Level",Queue,$C$2,DEP,"Quality") -> 0 | P26: =COUNTIFS(Week,'Adherence (QA)'!P$3,Agent_ID,'Adherence (QA)'!$B26,TargeType,"Agent Level",Queue,$C$2,DEP,"Quality") -> 0 | Q26: =COUNTIFS(Week,'Adherence (QA)'!Q$3,Agent_ID,'Adherence (QA)'!$B26,TargeType,"Agent Level",Queue,$C$2,DEP,"Quality") -> 0 | R26: =SUM(N26:Q26)>=SUM(J26:M26) -> TRUE
J27: =IFERROR(VLOOKUP(F27,DV!$D:$E,2,FALSE),0) -> 0 | K27: =IFERROR(VLOOKUP(G27,DV!$D:$E,2,FALSE),0) -> 0 | L27: =IFERROR(VLOOKUP(H27,DV!$D:$E,2,FALSE),0) -> 0 | M27: =IFERROR(VLOOKUP(I27,DV!$D:$E,2,FALSE),0) -> 0 | N27: =COUNTIFS(Week,'Adherence (QA)'!N$3,Agent_ID,'Adherence (QA)'!$B27,TargeType,"Agent Level",Queue,$C$2,DEP,"Quality") -> 0 | O27: =COUNTIFS(Week,'Adherence (QA)'!O$3,Agent_ID,'Adherence (QA)'!$B27,TargeType,"Agent Level",Queue,$C$2,DEP,"Quality") -> 0 | P27: =COUNTIFS(Week,'Adherence (QA)'!P$3,Agent_ID,'Adherence (QA)'!$B27,TargeType,"Agent Level",Queue,$C$2,DEP,"Quality") -> 0 | Q27: =COUNTIFS(Week,'Adherence (QA)'!Q$3,Agent_ID,'Adherence (QA)'!$B27,TargeType,"Agent Level",Queue,$C$2,DEP,"Quality") -> 0 | R27: =SUM(N27:Q27)>=SUM(J27:M27) -> TRUE
J28: =IFERROR(VLOOKUP(F28,DV!$D:$E,2,FALSE),0) -> 0 | K28: =IFERROR(VLOOKUP(G28,DV!$D:$E,2,FALSE),0) -> 0 | L28: =IFERROR(VLOOKUP(H28,DV!$D:$E,2,FALSE),0) -> 0 | M28: =IFERROR(VLOOKUP(I28,DV!$D:$E,2,FALSE),0) -> 0 | N28: =COUNTIFS(Week,'Adherence (QA)'!N$3,Agent_ID,'Adherence (QA)'!$B28,TargeType,"Agent Level",Queue,$C$2,DEP,"Quality") -> 0 | O28: =COUNTIFS(Week,'Adherence (QA)'!O$3,Agent_ID,'Adherence (QA)'!$B28,TargeType,"Agent Level",Queue,$C$2,DEP,"Quality") -> 0 | P28: =COUNTIFS(Week,'Adherence (QA)'!P$3,Agent_ID,'Adherence (QA)'!$B28,TargeType,"Agent Level",Queue,$C$2,DEP,"Quality") -> 0 | Q28: =COUNTIFS(Week,'Adherence (QA)'!Q$3,Agent_ID,'Adherence (QA)'!$B28,TargeType,"Agent Level",Queue,$C$2,DEP,"Quality") -> 0 | R28: =SUM(N28:Q28)>=SUM(J28:M28) -> TRUE
J29: =IFERROR(VLOOKUP(F29,DV!$D:$E,2,FALSE),0) -> 0 | K29: =IFERROR(VLOOKUP(G29,DV!$D:$E,2,FALSE),0) -> 0 | L29: =IFERROR(VLOOKUP(H29,DV!$D:$E,2,FALSE),0) -> 0 | M29: =IFERROR(VLOOKUP(I29,DV!$D:$E,2,FALSE),0) -> 0 | N29: =COUNTIFS(Week,'Adherence (QA)'!N$3,Agent_ID,'Adherence (QA)'!$B29,TargeType,"Agent Level",Queue,$C$2,DEP,"Quality") -> 0 | O29: =COUNTIFS(Week,'Adherence (QA)'!O$3,Agent_ID,'Adherence (QA)'!$B29,TargeType,"Agent Level",Queue,$C$2,DEP,"Quality") -> 0 | P29: =COUNTIFS(Week,'Adherence (QA)'!P$3,Agent_ID,'Adherence (QA)'!$B29,TargeType,"Agent Level",Queue,$C$2,DEP,"Quality") -> 0 | Q29: =COUNTIFS(Week,'Adherence (QA)'!Q$3,Agent_ID,'Adherence (QA)'!$B29,TargeType,"Agent Level",Queue,$C$2,DEP,"Quality") -> 0 | R29: =SUM(N29:Q29)>=SUM(J29:M29) -> TRUE
J30: =IFERROR(VLOOKUP(F30,DV!$D:$E,2,FALSE),0) -> 0 | K30: =IFERROR(VLOOKUP(G30,DV!$D:$E,2,FALSE),0) -> 0 | L30: =IFERROR(VLOOKUP(H30,DV!$D:$E,2,FALSE),0) -> 0 | M30: =IFERROR(VLOOKUP(I30,DV!$D:$E,2,FALSE),0) -> 0 | N30: =COUNTIFS(Week,'Adherence (QA)'!N$3,Agent_ID,'Adherence (QA)'!$B30,TargeType,"Agent Level",Queue,$C$2,DEP,"Quality") -> 0 | O30: =COUNTIFS(Week,'Adherence (QA)'!O$3,Agent_ID,'Adherence (QA)'!$B30,TargeType,"Agent Level",Queue,$C$2,DEP,"Quality") -> 0 | P30: =COUNTIFS(Week,'Adherence (QA)'!P$3,Agent_ID,'Adherence (QA)'!$B30,TargeType,"Agent Level",Queue,$C$2,DEP,"Quality") -> 0 | Q30: =COUNTIFS(Week,'Adherence (QA)'!Q$3,Agent_ID,'Adherence (QA)'!$B30,TargeType,"Agent Level",Queue,$C$2,DEP,"Quality") -> 0 | R30: =SUM(N30:Q30)>=SUM(J30:M30) -> TRUE | S30: =IFERROR(SUM(N50:Q50)/SUM(J50:M50),"") -> 0.5
J31: =IFERROR(VLOOKUP(F31,DV!$D:$E,2,FALSE),0) -> 0 | K31: =IFERROR(VLOOKUP(G31,DV!$D:$E,2,FALSE),0) -> 0 | L31: =IFERROR(VLOOKUP(H31,DV!$D:$E,2,FALSE),0) -> 0 | M31: =IFERROR(VLOOKUP(I31,DV!$D:$E,2,FALSE),0) -> 0 | N31: =COUNTIFS(Week,'Adherence (QA)'!N$3,Agent_ID,'Adherence (QA)'!$B31,TargeType,"Agent Level",Queue,$C$2,DEP,"Quality") -> 0 | O31: =COUNTIFS(Week,'Adherence (QA)'!O$3,Agent_ID,'Adherence (QA)'!$B31,TargeType,"Agent Level",Queue,$C$2,DEP,"Quality") -> 0 | P31: =COUNTIFS(Week,'Adherence (QA)'!P$3,Agent_ID,'Adherence (QA)'!$B31,TargeType,"Agent Level",Queue,$C$2,DEP,"Quality") -> 0 | Q31: =COUNTIFS(Week,'Adherence (QA)'!Q$3,Agent_ID,'Adherence (QA)'!$B31,TargeType,"Agent Level",Queue,$C$2,DEP,"Quality") -> 0 | R31: =SUM(N31:Q31)>=SUM(J31:M31) -> TRUE | S31: =IFERROR(SUM(#REF!)/SUM(#REF!),"")
J32: =IFERROR(VLOOKUP(F32,DV!$D:$E,2,FALSE),0) -> 0 | K32: =IFERROR(VLOOKUP(G32,DV!$D:$E,2,FALSE),0) -> 0 | L32: =IFERROR(VLOOKUP(H32,DV!$D:$E,2,FALSE),0) -> 0 | M32: =IFERROR(VLOOKUP(I32,DV!$D:$E,2,FALSE),0) -> 0 | N32: =COUNTIFS(Week,'Adherence (QA)'!N$3,Agent_ID,'Adherence (QA)'!$B32,TargeType,"Agent Level",Queue,$C$2,DEP,"Quality") -> 0 | O32: =COUNTIFS(Week,'Adherence (QA)'!O$3,Agent_ID,'Adherence (QA)'!$B32,TargeType,"Agent Level",Queue,$C$2,DEP,"Quality") -> 0 | P32: =COUNTIFS(Week,'Adherence (QA)'!P$3,Agent_ID,'Adherence (QA)'!$B32,TargeType,"Agent Level",Queue,$C$2,DEP,"Quality") -> 0 | Q32: =COUNTIFS(Week,'Adherence (QA)'!Q$3,Agent_ID,'Adherence (QA)'!$B32,TargeType,"Agent Level",Queue,$C$2,DEP,"Quality") -> 0 | R32: =SUM(N32:Q32)>=SUM(J32:M32) -> TRUE | S32: =IFERROR(SUM(N51:Q51)/SUM(J51:M51),"") -> 0.5
J33: =IFERROR(VLOOKUP(F33,DV!$D:$E,2,FALSE),0) -> 0 | K33: =IFERROR(VLOOKUP(G33,DV!$D:$E,2,FALSE),0) -> 0 | L33: =IFERROR(VLOOKUP(H33,DV!$D:$E,2,FALSE),0) -> 0 | M33: =IFERROR(VLOOKUP(I33,DV!$D:$E,2,FALSE),0) -> 0 | N33: =COUNTIFS(Week,'Adherence (QA)'!N$3,Agent_ID,'Adherence (QA)'!$B33,TargeType,"Agent Level",Queue,$C$2,DEP,"Quality") -> 0 | O33: =COUNTIFS(Week,'Adherence (QA)'!O$3,Agent_ID,'Adherence (QA)'!$B33,TargeType,"Agent Level",Queue,$C$2,DEP,"Quality") -> 0 | P33: =COUNTIFS(Week,'Adherence (QA)'!P$3,Agent_ID,'Adherence (QA)'!$B33,TargeType,"Agent Level",Queue,$C$2,DEP,"Quality") -> 0 | Q33: =COUNTIFS(Week,'Adherence (QA)'!Q$3,Agent_ID,'Adherence (QA)'!$B33,TargeType,"Agent Level",Queue,$C$2,DEP,"Quality") -> 0 | R33: =SUM(N33:Q33)>=SUM(J33:M33) -> TRUE | S33: =IFERROR(SUM(#REF!)/SUM(#REF!),"")
